2026-01-26 01:44:50,811 - bharat_voice_assistant.core.logging - INFO - Logging initialized with level INFO and format simple
2026-01-26 01:44:50,814 - bharat_voice_assistant.core.monitoring - INFO - CloudWatch publisher disabled (development mode or boto3 not available)
2026-01-26 01:44:50,814 - bharat_voice_assistant.core.monitoring - INFO - Registered health check: memory_usage
2026-01-26 01:44:50,814 - bharat_voice_assistant.core.monitoring - INFO - Registered health check: disk_space
2026-01-26 01:44:50,814 - bharat_voice_assistant.core.monitoring - INFO - Registered health check: aws_connectivity
2026-01-26 01:44:50,816 - bharat_voice_assistant.core.monitoring - INFO - Registered health check: test_check
2026-01-26 01:44:50,816 - bharat_voice_assistant.core.monitoring - INFO - Health check test_check: PASS (0.00ms)
2026-01-26 01:53:00,884 - bharat_voice_assistant.core.logging - INFO - Logging initialized with level INFO and format simple
2026-01-26 01:53:00,886 - bharat_voice_assistant.core.monitoring - INFO - CloudWatch publisher disabled (development mode or boto3 not available)
2026-01-26 01:53:00,886 - bharat_voice_assistant.core.monitoring - INFO - Registered health check: memory_usage
2026-01-26 01:53:00,886 - bharat_voice_assistant.core.monitoring - INFO - Registered health check: disk_space
2026-01-26 01:53:00,886 - bharat_voice_assistant.core.monitoring - INFO - Registered health check: aws_connectivity
2026-01-26 01:53:00,888 - bharat_voice_assistant.core.monitoring - INFO - Registered health check: test_check
2026-01-26 01:53:00,888 - bharat_voice_assistant.core.monitoring - INFO - Health check test_check: PASS (0.00ms)
2026-01-26 02:09:01,818 - bharat_voice_assistant.core.logging - INFO - Logging initialized with level INFO and format simple
2026-01-26 02:10:32,708 - bharat_voice_assistant.core.logging - INFO - Logging initialized with level INFO and format simple
2026-01-26 02:11:21,360 - bharat_voice_assistant.voice.audio_processor - INFO - AudioProcessor initialized
2026-01-26 02:11:21,361 - bharat_voice_assistant.voice.connection_manager - INFO - ConnectionManager initialized
2026-01-26 02:11:21,361 - bharat_voice_assistant.voice.gateway - INFO - VoiceInterfaceGateway initialized on localhost:8001
2026-01-26 02:11:21,363 - bharat_voice_assistant.voice.audio_processor - INFO - AudioProcessor initialized
2026-01-26 02:11:21,363 - bharat_voice_assistant.voice.connection_manager - INFO - ConnectionManager initialized
2026-01-26 02:11:21,363 - bharat_voice_assistant.voice.gateway - INFO - VoiceInterfaceGateway initialized on localhost:8001
2026-01-26 02:11:21,369 - bharat_voice_assistant.voice.gateway - ERROR - Failed to start Voice Interface Gateway: 'Mock' object can't be awaited
2026-01-26 02:11:21,537 - bharat_voice_assistant.voice.audio_processor - INFO - AudioProcessor initialized
2026-01-26 02:11:21,537 - bharat_voice_assistant.voice.connection_manager - INFO - ConnectionManager initialized
2026-01-26 02:11:21,537 - bharat_voice_assistant.voice.gateway - INFO - VoiceInterfaceGateway initialized on localhost:8001
2026-01-26 02:11:21,539 - bharat_voice_assistant.voice.gateway - INFO - Session started for client test-client-123
2026-01-26 02:11:21,540 - bharat_voice_assistant.voice.audio_processor - INFO - AudioProcessor initialized
2026-01-26 02:11:21,541 - bharat_voice_assistant.voice.connection_manager - INFO - ConnectionManager initialized
2026-01-26 02:11:21,541 - bharat_voice_assistant.voice.gateway - INFO - VoiceInterfaceGateway initialized on localhost:8001
2026-01-26 02:11:21,542 - bharat_voice_assistant.voice.gateway - INFO - Session ended for client test-client-123 (duration: 60.0s)
2026-01-26 02:11:21,544 - bharat_voice_assistant.voice.audio_processor - INFO - AudioProcessor initialized
2026-01-26 02:11:21,544 - bharat_voice_assistant.voice.connection_manager - INFO - ConnectionManager initialized
2026-01-26 02:11:21,544 - bharat_voice_assistant.voice.gateway - INFO - VoiceInterfaceGateway initialized on localhost:8001
2026-01-26 02:11:21,547 - bharat_voice_assistant.voice.audio_processor - INFO - AudioProcessor initialized
2026-01-26 02:11:21,547 - bharat_voice_assistant.voice.connection_manager - INFO - ConnectionManager initialized
2026-01-26 02:11:21,547 - bharat_voice_assistant.voice.gateway - INFO - VoiceInterfaceGateway initialized on localhost:8001
2026-01-26 02:11:21,550 - bharat_voice_assistant.voice.audio_processor - INFO - AudioProcessor initialized
2026-01-26 02:11:21,550 - bharat_voice_assistant.voice.connection_manager - INFO - ConnectionManager initialized
2026-01-26 02:11:21,550 - bharat_voice_assistant.voice.gateway - INFO - VoiceInterfaceGateway initialized on localhost:8001
2026-01-26 02:11:21,553 - bharat_voice_assistant.voice.audio_processor - INFO - AudioProcessor initialized
2026-01-26 02:11:21,554 - bharat_voice_assistant.voice.connection_manager - INFO - ConnectionManager initialized
2026-01-26 02:11:21,554 - bharat_voice_assistant.voice.gateway - INFO - VoiceInterfaceGateway initialized on localhost:8001
2026-01-26 02:11:21,581 - bharat_voice_assistant.voice.audio_processor - INFO - AudioProcessor initialized
2026-01-26 02:11:21,581 - bharat_voice_assistant.voice.connection_manager - INFO - ConnectionManager initialized
2026-01-26 02:11:21,581 - bharat_voice_assistant.voice.gateway - INFO - VoiceInterfaceGateway initialized on localhost:8001
2026-01-26 02:11:21,586 - bharat_voice_assistant.voice.audio_processor - INFO - AudioProcessor initialized
2026-01-26 02:11:21,586 - bharat_voice_assistant.voice.connection_manager - INFO - ConnectionManager initialized
2026-01-26 02:11:21,586 - bharat_voice_assistant.voice.gateway - INFO - VoiceInterfaceGateway initialized on localhost:8001
2026-01-26 02:11:21,589 - bharat_voice_assistant.voice.audio_processor - INFO - AudioProcessor initialized
2026-01-26 02:11:21,591 - bharat_voice_assistant.voice.audio_processor - INFO - AudioProcessor initialized
2026-01-26 02:11:21,599 - bharat_voice_assistant.voice.audio_processor - INFO - AudioProcessor initialized
2026-01-26 02:11:21,648 - bharat_voice_assistant.voice.audio_processor - INFO - AudioProcessor initialized
2026-01-26 02:11:21,660 - bharat_voice_assistant.voice.audio_processor - ERROR - Error compressing audio: [WinError 2] The system cannot find the file specified
2026-01-26 02:11:21,734 - bharat_voice_assistant.voice.audio_processor - INFO - AudioProcessor initialized
2026-01-26 02:11:21,737 - bharat_voice_assistant.voice.connection_manager - INFO - ConnectionManager initialized
2026-01-26 02:11:21,738 - bharat_voice_assistant.voice.connection_manager - INFO - ConnectionManager initialized
2026-01-26 02:11:21,739 - bharat_voice_assistant.voice.connection_manager - INFO - ConnectionManager started
2026-01-26 02:11:21,739 - bharat_voice_assistant.voice.connection_manager - INFO - ConnectionManager stopped
2026-01-26 02:11:21,741 - bharat_voice_assistant.voice.connection_manager - INFO - ConnectionManager initialized
2026-01-26 02:11:21,742 - bharat_voice_assistant.voice.connection_manager - INFO - ConnectionManager initialized
2026-01-26 02:14:25,539 - bharat_voice_assistant.core.logging - INFO - Logging initialized with level INFO and format simple
2026-01-26 02:14:26,332 - bharat_voice_assistant.voice.audio_processor - INFO - AudioProcessor initialized
2026-01-26 02:14:26,332 - bharat_voice_assistant.voice.connection_manager - INFO - ConnectionManager initialized
2026-01-26 02:14:26,332 - bharat_voice_assistant.voice.gateway - INFO - VoiceInterfaceGateway initialized on localhost:8001
2026-01-26 02:14:26,334 - bharat_voice_assistant.voice.audio_processor - INFO - AudioProcessor initialized
2026-01-26 02:14:26,334 - bharat_voice_assistant.voice.connection_manager - INFO - ConnectionManager initialized
2026-01-26 02:14:26,334 - bharat_voice_assistant.voice.gateway - INFO - VoiceInterfaceGateway initialized on localhost:8001
2026-01-26 02:14:26,338 - bharat_voice_assistant.voice.gateway - INFO - Voice Interface Gateway started on ws://localhost:8001
2026-01-26 02:14:26,338 - bharat_voice_assistant.voice.gateway - INFO - Voice Interface Gateway stopped
2026-01-26 02:14:26,340 - bharat_voice_assistant.voice.audio_processor - INFO - AudioProcessor initialized
2026-01-26 02:14:26,340 - bharat_voice_assistant.voice.connection_manager - INFO - ConnectionManager initialized
2026-01-26 02:14:26,340 - bharat_voice_assistant.voice.gateway - INFO - VoiceInterfaceGateway initialized on localhost:8001
2026-01-26 02:14:26,341 - bharat_voice_assistant.voice.gateway - INFO - Session started for client test-client-123
2026-01-26 02:14:26,343 - bharat_voice_assistant.voice.audio_processor - INFO - AudioProcessor initialized
2026-01-26 02:14:26,343 - bharat_voice_assistant.voice.connection_manager - INFO - ConnectionManager initialized
2026-01-26 02:14:26,343 - bharat_voice_assistant.voice.gateway - INFO - VoiceInterfaceGateway initialized on localhost:8001
2026-01-26 02:14:26,344 - bharat_voice_assistant.voice.gateway - INFO - Session ended for client test-client-123 (duration: 60.0s)
2026-01-26 02:14:26,345 - bharat_voice_assistant.voice.audio_processor - INFO - AudioProcessor initialized
2026-01-26 02:14:26,346 - bharat_voice_assistant.voice.connection_manager - INFO - ConnectionManager initialized
2026-01-26 02:14:26,346 - bharat_voice_assistant.voice.gateway - INFO - VoiceInterfaceGateway initialized on localhost:8001
2026-01-26 02:14:26,348 - bharat_voice_assistant.voice.audio_processor - INFO - AudioProcessor initialized
2026-01-26 02:14:26,348 - bharat_voice_assistant.voice.connection_manager - INFO - ConnectionManager initialized
2026-01-26 02:14:26,348 - bharat_voice_assistant.voice.gateway - INFO - VoiceInterfaceGateway initialized on localhost:8001
2026-01-26 02:14:26,350 - bharat_voice_assistant.voice.audio_processor - INFO - AudioProcessor initialized
2026-01-26 02:14:26,350 - bharat_voice_assistant.voice.connection_manager - INFO - ConnectionManager initialized
2026-01-26 02:14:26,350 - bharat_voice_assistant.voice.gateway - INFO - VoiceInterfaceGateway initialized on localhost:8001
2026-01-26 02:14:26,352 - bharat_voice_assistant.voice.audio_processor - INFO - AudioProcessor initialized
2026-01-26 02:14:26,352 - bharat_voice_assistant.voice.connection_manager - INFO - ConnectionManager initialized
2026-01-26 02:14:26,352 - bharat_voice_assistant.voice.gateway - INFO - VoiceInterfaceGateway initialized on localhost:8001
2026-01-26 02:14:26,354 - bharat_voice_assistant.voice.audio_processor - INFO - AudioProcessor initialized
2026-01-26 02:14:26,354 - bharat_voice_assistant.voice.connection_manager - INFO - ConnectionManager initialized
2026-01-26 02:14:26,354 - bharat_voice_assistant.voice.gateway - INFO - VoiceInterfaceGateway initialized on localhost:8001
2026-01-26 02:14:26,356 - bharat_voice_assistant.voice.audio_processor - INFO - AudioProcessor initialized
2026-01-26 02:14:26,356 - bharat_voice_assistant.voice.connection_manager - INFO - ConnectionManager initialized
2026-01-26 02:14:26,356 - bharat_voice_assistant.voice.gateway - INFO - VoiceInterfaceGateway initialized on localhost:8001
2026-01-26 02:14:26,359 - bharat_voice_assistant.voice.audio_processor - INFO - AudioProcessor initialized
2026-01-26 02:14:26,360 - bharat_voice_assistant.voice.audio_processor - INFO - AudioProcessor initialized
2026-01-26 02:14:26,365 - bharat_voice_assistant.voice.audio_processor - INFO - AudioProcessor initialized
2026-01-26 02:14:26,405 - bharat_voice_assistant.voice.audio_processor - INFO - AudioProcessor initialized
2026-01-26 02:14:26,407 - bharat_voice_assistant.voice.connection_manager - INFO - ConnectionManager initialized
2026-01-26 02:14:26,409 - bharat_voice_assistant.voice.connection_manager - INFO - ConnectionManager initialized
2026-01-26 02:14:26,410 - bharat_voice_assistant.voice.connection_manager - INFO - ConnectionManager started
2026-01-26 02:14:26,410 - bharat_voice_assistant.voice.connection_manager - INFO - ConnectionManager stopped
2026-01-26 02:14:26,411 - bharat_voice_assistant.voice.connection_manager - INFO - ConnectionManager initialized
2026-01-26 02:14:26,413 - bharat_voice_assistant.voice.connection_manager - INFO - ConnectionManager initialized
2026-01-26 02:14:40,617 - bharat_voice_assistant.core.logging - INFO - Logging initialized with level INFO and format simple
2026-01-26 02:14:40,758 - bharat_voice_assistant.core.monitoring - INFO - CloudWatch publisher disabled (development mode or boto3 not available)
2026-01-26 02:14:40,758 - bharat_voice_assistant.core.monitoring - INFO - Registered health check: memory_usage
2026-01-26 02:14:40,758 - bharat_voice_assistant.core.monitoring - INFO - Registered health check: disk_space
2026-01-26 02:14:40,759 - bharat_voice_assistant.core.monitoring - INFO - Registered health check: aws_connectivity
2026-01-26 02:21:32,310 - bharat_voice_assistant.core.logging - INFO - Logging initialized with level INFO and format simple
2026-01-26 02:21:33,155 - bharat_voice_assistant.core.aws_client - INFO - Initializing AWS clients...
2026-01-26 02:21:33,244 - bharat_voice_assistant.core.aws_client - INFO - Created AWS sts client
2026-01-26 02:21:33,245 - bharat_voice_assistant.core.aws_client - ERROR - AWS STS connectivity test failed: Unable to locate credentials
2026-01-26 02:21:33,279 - bharat_voice_assistant.core.aws_client - INFO - Created AWS s3 client
2026-01-26 02:21:33,279 - bharat_voice_assistant.core.aws_client - ERROR - AWS S3 connectivity test failed: Unable to locate credentials
2026-01-26 02:21:33,315 - bharat_voice_assistant.core.aws_client - INFO - Created AWS transcribe client
2026-01-26 02:21:33,316 - bharat_voice_assistant.core.aws_client - ERROR - AWS Transcribe connectivity test failed: Unable to locate credentials
2026-01-26 02:21:33,323 - bharat_voice_assistant.core.aws_client - INFO - Created AWS polly client
2026-01-26 02:21:33,324 - bharat_voice_assistant.core.aws_client - ERROR - AWS Polly connectivity test failed: Unable to locate credentials
2026-01-26 02:21:33,364 - bharat_voice_assistant.core.aws_client - INFO - Created AWS comprehend client
2026-01-26 02:21:33,365 - bharat_voice_assistant.core.aws_client - ERROR - AWS Comprehend connectivity test failed: Unable to locate credentials
2026-01-26 02:21:33,365 - bharat_voice_assistant.core.aws_client - ERROR - AWS configuration validation failed: ['Critical AWS services failed connectivity test: sts, s3, transcribe, polly']
2026-01-26 02:21:33,365 - bharat_voice_assistant.core.aws_client - WARNING - AWS configuration warning: AWS credentials not configured (using IAM role or environment)
2026-01-26 02:21:33,416 - bharat_voice_assistant.voice.speech_recognition - INFO - SpeechRecognizer initialized with Indian language models
2026-01-26 02:21:33,418 - bharat_voice_assistant.voice.speech_recognition - ERROR - Real-time recognition failed: 'RecognitionConfig' object has no attribute 'aws'
2026-01-26 02:21:33,419 - bharat_voice_assistant.voice.speech_recognition - ERROR - Speech recognition failed: 'RecognitionConfig' object has no attribute 'aws'
2026-01-26 02:21:33,589 - bharat_voice_assistant.voice.speech_recognition - INFO - SpeechRecognizer initialized with Indian language models
2026-01-26 02:21:33,590 - bharat_voice_assistant.voice.speech_recognition - ERROR - Real-time recognition failed: 'RecognitionConfig' object has no attribute 'aws'
2026-01-26 02:21:33,590 - bharat_voice_assistant.voice.speech_recognition - ERROR - Speech recognition failed: 'RecognitionConfig' object has no attribute 'aws'
2026-01-26 02:21:33,609 - bharat_voice_assistant.voice.speech_recognition - INFO - SpeechRecognizer initialized with Indian language models
2026-01-26 02:21:33,610 - bharat_voice_assistant.voice.speech_recognition - ERROR - Real-time recognition failed: 'RecognitionConfig' object has no attribute 'aws'
2026-01-26 02:21:33,611 - bharat_voice_assistant.voice.speech_recognition - ERROR - Speech recognition failed: 'RecognitionConfig' object has no attribute 'aws'
2026-01-26 02:21:33,629 - bharat_voice_assistant.voice.speech_recognition - INFO - SpeechRecognizer initialized with Indian language models
2026-01-26 02:21:33,638 - bharat_voice_assistant.voice.speech_recognition - INFO - SpeechRecognizer initialized with Indian language models
2026-01-26 02:21:33,640 - bharat_voice_assistant.voice.speech_recognition - ERROR - Real-time recognition failed: 'RecognitionConfig' object has no attribute 'aws'
2026-01-26 02:21:33,640 - bharat_voice_assistant.voice.speech_recognition - ERROR - Speech recognition failed: 'RecognitionConfig' object has no attribute 'aws'
2026-01-26 02:21:33,647 - bharat_voice_assistant.voice.speech_recognition - INFO - SpeechRecognizer initialized with Indian language models
2026-01-26 02:21:33,649 - bharat_voice_assistant.voice.speech_recognition - ERROR - Real-time recognition failed: 'RecognitionConfig' object has no attribute 'aws'
2026-01-26 02:21:33,649 - bharat_voice_assistant.voice.speech_recognition - ERROR - Speech recognition failed: 'RecognitionConfig' object has no attribute 'aws'
2026-01-26 02:21:33,656 - bharat_voice_assistant.voice.speech_recognition - INFO - SpeechRecognizer initialized with Indian language models
2026-01-26 02:21:33,658 - bharat_voice_assistant.voice.speech_recognition - INFO - SpeechRecognizer initialized with Indian language models
2026-01-26 02:21:33,661 - bharat_voice_assistant.voice.speech_recognition - INFO - SpeechRecognizer initialized with Indian language models
2026-01-26 02:21:33,662 - bharat_voice_assistant.voice.speech_recognition - INFO - Using optimized real-time recognition for streaming mode
2026-01-26 02:21:33,664 - bharat_voice_assistant.voice.speech_recognition - INFO - SpeechRecognizer initialized with Indian language models
2026-01-26 02:24:54,082 - bharat_voice_assistant.core.logging - INFO - Logging initialized with level INFO and format simple
2026-01-26 02:24:54,809 - bharat_voice_assistant.core.aws_client - INFO - Initializing AWS clients...
2026-01-26 02:24:54,883 - bharat_voice_assistant.core.aws_client - INFO - Created AWS sts client
2026-01-26 02:24:54,884 - bharat_voice_assistant.core.aws_client - ERROR - AWS STS connectivity test failed: Unable to locate credentials
2026-01-26 02:24:54,923 - bharat_voice_assistant.core.aws_client - INFO - Created AWS s3 client
2026-01-26 02:24:54,924 - bharat_voice_assistant.core.aws_client - ERROR - AWS S3 connectivity test failed: Unable to locate credentials
2026-01-26 02:24:54,948 - bharat_voice_assistant.core.aws_client - INFO - Created AWS transcribe client
2026-01-26 02:24:54,948 - bharat_voice_assistant.core.aws_client - ERROR - AWS Transcribe connectivity test failed: Unable to locate credentials
2026-01-26 02:24:54,954 - bharat_voice_assistant.core.aws_client - INFO - Created AWS polly client
2026-01-26 02:24:54,955 - bharat_voice_assistant.core.aws_client - ERROR - AWS Polly connectivity test failed: Unable to locate credentials
2026-01-26 02:24:54,987 - bharat_voice_assistant.core.aws_client - INFO - Created AWS comprehend client
2026-01-26 02:24:54,988 - bharat_voice_assistant.core.aws_client - ERROR - AWS Comprehend connectivity test failed: Unable to locate credentials
2026-01-26 02:24:54,988 - bharat_voice_assistant.core.aws_client - ERROR - AWS configuration validation failed: ['Critical AWS services failed connectivity test: sts, s3, transcribe, polly']
2026-01-26 02:24:54,988 - bharat_voice_assistant.core.aws_client - WARNING - AWS configuration warning: AWS credentials not configured (using IAM role or environment)
2026-01-26 02:24:55,040 - bharat_voice_assistant.voice.speech_recognition - INFO - SpeechRecognizer initialized with Indian language models
2026-01-26 02:26:22,011 - bharat_voice_assistant.core.logging - INFO - Logging initialized with level INFO and format simple
2026-01-26 02:26:22,790 - bharat_voice_assistant.core.aws_client - INFO - Initializing AWS clients...
2026-01-26 02:26:22,876 - bharat_voice_assistant.core.aws_client - INFO - Created AWS sts client
2026-01-26 02:26:22,877 - bharat_voice_assistant.core.aws_client - ERROR - AWS STS connectivity test failed: Unable to locate credentials
2026-01-26 02:26:22,938 - bharat_voice_assistant.core.aws_client - INFO - Created AWS s3 client
2026-01-26 02:26:22,939 - bharat_voice_assistant.core.aws_client - ERROR - AWS S3 connectivity test failed: Unable to locate credentials
2026-01-26 02:26:22,967 - bharat_voice_assistant.core.aws_client - INFO - Created AWS transcribe client
2026-01-26 02:26:22,967 - bharat_voice_assistant.core.aws_client - ERROR - AWS Transcribe connectivity test failed: Unable to locate credentials
2026-01-26 02:26:22,996 - bharat_voice_assistant.core.aws_client - INFO - Created AWS polly client
2026-01-26 02:26:22,996 - bharat_voice_assistant.core.aws_client - ERROR - AWS Polly connectivity test failed: Unable to locate credentials
2026-01-26 02:26:23,005 - bharat_voice_assistant.core.aws_client - INFO - Created AWS comprehend client
2026-01-26 02:26:23,005 - bharat_voice_assistant.core.aws_client - ERROR - AWS Comprehend connectivity test failed: Unable to locate credentials
2026-01-26 02:26:23,005 - bharat_voice_assistant.core.aws_client - ERROR - AWS configuration validation failed: ['Critical AWS services failed connectivity test: sts, s3, transcribe, polly']
2026-01-26 02:26:23,006 - bharat_voice_assistant.core.aws_client - WARNING - AWS configuration warning: AWS credentials not configured (using IAM role or environment)
2026-01-26 02:26:23,055 - bharat_voice_assistant.voice.speech_recognition - INFO - SpeechRecognizer initialized with Indian language models
2026-01-26 02:26:23,063 - bharat_voice_assistant.voice.speech_recognition - INFO - SpeechRecognizer initialized with Indian language models
2026-01-26 02:26:23,065 - bharat_voice_assistant.voice.speech_recognition - INFO - Low confidence recognition: 0.35 < 0.7
2026-01-26 02:26:23,065 - bharat_voice_assistant.voice.speech_recognition - INFO - High noise level detected: 0.65
2026-01-26 02:26:23,067 - bharat_voice_assistant.voice.speech_recognition - INFO - SpeechRecognizer initialized with Indian language models
2026-01-26 02:26:23,207 - bharat_voice_assistant.voice.speech_recognition - INFO - SpeechRecognizer initialized with Indian language models
2026-01-26 02:26:23,212 - bharat_voice_assistant.voice.speech_recognition - INFO - SpeechRecognizer initialized with Indian language models
2026-01-26 02:26:23,214 - bharat_voice_assistant.voice.speech_recognition - ERROR - Error checking transcription job status: Transcription job failed: Audio quality too poor
2026-01-26 02:26:23,215 - bharat_voice_assistant.voice.speech_recognition - ERROR - Real-time recognition failed: Transcription job failed: Audio quality too poor
2026-01-26 02:26:23,215 - bharat_voice_assistant.voice.speech_recognition - ERROR - Speech recognition failed: Transcription job failed: Audio quality too poor
2026-01-26 02:26:23,223 - bharat_voice_assistant.voice.speech_recognition - INFO - SpeechRecognizer initialized with Indian language models
2026-01-26 02:26:23,225 - bharat_voice_assistant.voice.speech_recognition - ERROR - Real-time recognition failed: Transcription job timed out
2026-01-26 02:26:23,225 - bharat_voice_assistant.voice.speech_recognition - ERROR - Speech recognition failed: Transcription job timed out
2026-01-26 02:26:23,232 - bharat_voice_assistant.voice.speech_recognition - INFO - SpeechRecognizer initialized with Indian language models
2026-01-26 02:26:23,234 - bharat_voice_assistant.voice.speech_recognition - INFO - SpeechRecognizer initialized with Indian language models
2026-01-26 02:26:23,237 - bharat_voice_assistant.voice.speech_recognition - INFO - SpeechRecognizer initialized with Indian language models
2026-01-26 02:26:23,238 - bharat_voice_assistant.voice.speech_recognition - INFO - Using optimized real-time recognition for streaming mode
2026-01-26 02:26:23,240 - bharat_voice_assistant.voice.speech_recognition - INFO - SpeechRecognizer initialized with Indian language models
2026-01-26 02:29:57,086 - bharat_voice_assistant.core.logging - INFO - Logging initialized with level INFO and format simple
2026-01-26 02:29:57,901 - bharat_voice_assistant.core.aws_client - INFO - Initializing AWS clients...
2026-01-26 02:29:57,993 - bharat_voice_assistant.core.aws_client - INFO - Created AWS sts client
2026-01-26 02:29:57,995 - bharat_voice_assistant.core.aws_client - ERROR - AWS STS connectivity test failed: Unable to locate credentials
2026-01-26 02:29:58,020 - bharat_voice_assistant.core.aws_client - INFO - Created AWS s3 client
2026-01-26 02:29:58,021 - bharat_voice_assistant.core.aws_client - ERROR - AWS S3 connectivity test failed: Unable to locate credentials
2026-01-26 02:29:58,047 - bharat_voice_assistant.core.aws_client - INFO - Created AWS transcribe client
2026-01-26 02:29:58,048 - bharat_voice_assistant.core.aws_client - ERROR - AWS Transcribe connectivity test failed: Unable to locate credentials
2026-01-26 02:29:58,076 - bharat_voice_assistant.core.aws_client - INFO - Created AWS polly client
2026-01-26 02:29:58,077 - bharat_voice_assistant.core.aws_client - ERROR - AWS Polly connectivity test failed: Unable to locate credentials
2026-01-26 02:29:58,101 - bharat_voice_assistant.core.aws_client - INFO - Created AWS comprehend client
2026-01-26 02:29:58,101 - bharat_voice_assistant.core.aws_client - ERROR - AWS Comprehend connectivity test failed: Unable to locate credentials
2026-01-26 02:29:58,102 - bharat_voice_assistant.core.aws_client - ERROR - AWS configuration validation failed: ['Critical AWS services failed connectivity test: sts, s3, transcribe, polly']
2026-01-26 02:29:58,102 - bharat_voice_assistant.core.aws_client - WARNING - AWS configuration warning: AWS credentials not configured (using IAM role or environment)
2026-01-26 02:29:58,177 - bharat_voice_assistant.voice.speech_recognition - INFO - SpeechRecognizer initialized with Indian language models
2026-01-26 02:29:58,185 - bharat_voice_assistant.voice.speech_recognition - INFO - SpeechRecognizer initialized with Indian language models
2026-01-26 02:29:58,188 - bharat_voice_assistant.voice.speech_recognition - INFO - Low confidence recognition: 0.35 < 0.7
2026-01-26 02:29:58,188 - bharat_voice_assistant.voice.speech_recognition - INFO - High noise level detected: 0.65
2026-01-26 02:29:58,191 - bharat_voice_assistant.voice.speech_recognition - INFO - SpeechRecognizer initialized with Indian language models
2026-01-26 02:29:58,196 - bharat_voice_assistant.voice.speech_recognition - INFO - SpeechRecognizer initialized with Indian language models
2026-01-26 02:29:58,200 - bharat_voice_assistant.voice.speech_recognition - INFO - SpeechRecognizer initialized with Indian language models
2026-01-26 02:29:58,202 - bharat_voice_assistant.voice.speech_recognition - ERROR - Error checking transcription job status: Transcription job failed: Audio quality too poor
2026-01-26 02:29:58,202 - bharat_voice_assistant.voice.speech_recognition - ERROR - Real-time recognition failed: Transcription job failed: Audio quality too poor
2026-01-26 02:29:58,202 - bharat_voice_assistant.voice.speech_recognition - ERROR - Speech recognition failed: Transcription job failed: Audio quality too poor
2026-01-26 02:29:58,354 - bharat_voice_assistant.voice.speech_recognition - INFO - SpeechRecognizer initialized with Indian language models
2026-01-26 02:29:58,357 - bharat_voice_assistant.voice.speech_recognition - ERROR - Real-time recognition failed: Transcription job timed out
2026-01-26 02:29:58,357 - bharat_voice_assistant.voice.speech_recognition - ERROR - Speech recognition failed: Transcription job timed out
2026-01-26 02:29:58,365 - bharat_voice_assistant.voice.speech_recognition - INFO - SpeechRecognizer initialized with Indian language models
2026-01-26 02:29:58,367 - bharat_voice_assistant.voice.speech_recognition - INFO - SpeechRecognizer initialized with Indian language models
2026-01-26 02:29:58,370 - bharat_voice_assistant.voice.speech_recognition - INFO - SpeechRecognizer initialized with Indian language models
2026-01-26 02:29:58,371 - bharat_voice_assistant.voice.speech_recognition - INFO - Using optimized real-time recognition for streaming mode
2026-01-26 02:29:58,373 - bharat_voice_assistant.voice.speech_recognition - INFO - SpeechRecognizer initialized with Indian language models
2026-01-26 02:31:32,791 - bharat_voice_assistant.core.logging - INFO - Logging initialized with level INFO and format simple
2026-01-26 02:31:33,533 - bharat_voice_assistant.core.aws_client - INFO - Initializing AWS clients...
2026-01-26 02:31:33,610 - bharat_voice_assistant.core.aws_client - INFO - Created AWS sts client
2026-01-26 02:31:33,611 - bharat_voice_assistant.core.aws_client - ERROR - AWS STS connectivity test failed: Unable to locate credentials
2026-01-26 02:31:33,650 - bharat_voice_assistant.core.aws_client - INFO - Created AWS s3 client
2026-01-26 02:31:33,651 - bharat_voice_assistant.core.aws_client - ERROR - AWS S3 connectivity test failed: Unable to locate credentials
2026-01-26 02:31:33,660 - bharat_voice_assistant.core.aws_client - INFO - Created AWS transcribe client
2026-01-26 02:31:33,661 - bharat_voice_assistant.core.aws_client - ERROR - AWS Transcribe connectivity test failed: Unable to locate credentials
2026-01-26 02:31:33,682 - bharat_voice_assistant.core.aws_client - INFO - Created AWS polly client
2026-01-26 02:31:33,683 - bharat_voice_assistant.core.aws_client - ERROR - AWS Polly connectivity test failed: Unable to locate credentials
2026-01-26 02:31:33,723 - bharat_voice_assistant.core.aws_client - INFO - Created AWS comprehend client
2026-01-26 02:31:33,724 - bharat_voice_assistant.core.aws_client - ERROR - AWS Comprehend connectivity test failed: Unable to locate credentials
2026-01-26 02:31:33,724 - bharat_voice_assistant.core.aws_client - ERROR - AWS configuration validation failed: ['Critical AWS services failed connectivity test: sts, s3, transcribe, polly']
2026-01-26 02:31:33,724 - bharat_voice_assistant.core.aws_client - WARNING - AWS configuration warning: AWS credentials not configured (using IAM role or environment)
2026-01-26 02:31:33,776 - bharat_voice_assistant.voice.speech_recognition - INFO - SpeechRecognizer initialized with Indian language models
2026-01-26 02:31:33,779 - bharat_voice_assistant.voice.speech_recognition - ERROR - Error checking transcription job status: Transcription job failed: Audio quality too poor
2026-01-26 02:31:33,779 - bharat_voice_assistant.voice.speech_recognition - ERROR - Real-time recognition failed: Transcription job failed: Audio quality too poor
2026-01-26 02:31:33,784 - bharat_voice_assistant.voice.speech_recognition - INFO - SpeechRecognizer initialized with Indian language models
2026-01-26 02:31:33,786 - bharat_voice_assistant.voice.speech_recognition - ERROR - Real-time recognition failed: Transcription job timed out
2026-01-26 02:31:46,755 - bharat_voice_assistant.core.logging - INFO - Logging initialized with level INFO and format simple
2026-01-26 02:31:47,513 - bharat_voice_assistant.core.aws_client - INFO - Initializing AWS clients...
2026-01-26 02:31:47,587 - bharat_voice_assistant.core.aws_client - INFO - Created AWS sts client
2026-01-26 02:31:47,589 - bharat_voice_assistant.core.aws_client - ERROR - AWS STS connectivity test failed: Unable to locate credentials
2026-01-26 02:31:47,650 - bharat_voice_assistant.core.aws_client - INFO - Created AWS s3 client
2026-01-26 02:31:47,651 - bharat_voice_assistant.core.aws_client - ERROR - AWS S3 connectivity test failed: Unable to locate credentials
2026-01-26 02:31:47,674 - bharat_voice_assistant.core.aws_client - INFO - Created AWS transcribe client
2026-01-26 02:31:47,675 - bharat_voice_assistant.core.aws_client - ERROR - AWS Transcribe connectivity test failed: Unable to locate credentials
2026-01-26 02:31:47,697 - bharat_voice_assistant.core.aws_client - INFO - Created AWS polly client
2026-01-26 02:31:47,698 - bharat_voice_assistant.core.aws_client - ERROR - AWS Polly connectivity test failed: Unable to locate credentials
2026-01-26 02:31:47,719 - bharat_voice_assistant.core.aws_client - INFO - Created AWS comprehend client
2026-01-26 02:31:47,720 - bharat_voice_assistant.core.aws_client - ERROR - AWS Comprehend connectivity test failed: Unable to locate credentials
2026-01-26 02:31:47,720 - bharat_voice_assistant.core.aws_client - ERROR - AWS configuration validation failed: ['Critical AWS services failed connectivity test: sts, s3, transcribe, polly']
2026-01-26 02:31:47,720 - bharat_voice_assistant.core.aws_client - WARNING - AWS configuration warning: AWS credentials not configured (using IAM role or environment)
2026-01-26 02:31:47,779 - bharat_voice_assistant.voice.speech_recognition - INFO - SpeechRecognizer initialized with Indian language models
2026-01-26 02:31:47,789 - bharat_voice_assistant.voice.speech_recognition - INFO - SpeechRecognizer initialized with Indian language models
2026-01-26 02:31:47,793 - bharat_voice_assistant.voice.speech_recognition - INFO - Low confidence recognition: 0.35 < 0.7
2026-01-26 02:31:47,793 - bharat_voice_assistant.voice.speech_recognition - INFO - High noise level detected: 0.65
2026-01-26 02:31:47,796 - bharat_voice_assistant.voice.speech_recognition - INFO - SpeechRecognizer initialized with Indian language models
2026-01-26 02:31:47,802 - bharat_voice_assistant.voice.speech_recognition - INFO - SpeechRecognizer initialized with Indian language models
2026-01-26 02:31:47,808 - bharat_voice_assistant.voice.speech_recognition - INFO - SpeechRecognizer initialized with Indian language models
2026-01-26 02:31:47,811 - bharat_voice_assistant.voice.speech_recognition - ERROR - Error checking transcription job status: Transcription job failed: Audio quality too poor
2026-01-26 02:31:47,812 - bharat_voice_assistant.voice.speech_recognition - ERROR - Real-time recognition failed: Transcription job failed: Audio quality too poor
2026-01-26 02:31:47,816 - bharat_voice_assistant.voice.speech_recognition - INFO - SpeechRecognizer initialized with Indian language models
2026-01-26 02:31:47,818 - bharat_voice_assistant.voice.speech_recognition - ERROR - Real-time recognition failed: Transcription job timed out
2026-01-26 02:31:47,821 - bharat_voice_assistant.voice.speech_recognition - INFO - SpeechRecognizer initialized with Indian language models
2026-01-26 02:31:47,824 - bharat_voice_assistant.voice.speech_recognition - INFO - SpeechRecognizer initialized with Indian language models
2026-01-26 02:31:47,826 - bharat_voice_assistant.voice.speech_recognition - INFO - SpeechRecognizer initialized with Indian language models
2026-01-26 02:31:47,828 - bharat_voice_assistant.voice.speech_recognition - INFO - Using optimized real-time recognition for streaming mode
2026-01-26 02:31:47,830 - bharat_voice_assistant.voice.speech_recognition - INFO - SpeechRecognizer initialized with Indian language models
2026-01-26 02:33:01,025 - bharat_voice_assistant.core.logging - INFO - Logging initialized with level INFO and format simple
2026-01-26 02:33:01,839 - bharat_voice_assistant.core.aws_client - INFO - Initializing AWS clients...
2026-01-26 02:33:01,921 - bharat_voice_assistant.core.aws_client - INFO - Created AWS sts client
2026-01-26 02:33:01,922 - bharat_voice_assistant.core.aws_client - ERROR - AWS STS connectivity test failed: Unable to locate credentials
2026-01-26 02:33:01,988 - bharat_voice_assistant.core.aws_client - INFO - Created AWS s3 client
2026-01-26 02:33:01,989 - bharat_voice_assistant.core.aws_client - ERROR - AWS S3 connectivity test failed: Unable to locate credentials
2026-01-26 02:33:02,009 - bharat_voice_assistant.core.aws_client - INFO - Created AWS transcribe client
2026-01-26 02:33:02,010 - bharat_voice_assistant.core.aws_client - ERROR - AWS Transcribe connectivity test failed: Unable to locate credentials
2026-01-26 02:33:02,034 - bharat_voice_assistant.core.aws_client - INFO - Created AWS polly client
2026-01-26 02:33:02,035 - bharat_voice_assistant.core.aws_client - ERROR - AWS Polly connectivity test failed: Unable to locate credentials
2026-01-26 02:33:02,071 - bharat_voice_assistant.core.aws_client - INFO - Created AWS comprehend client
2026-01-26 02:33:02,072 - bharat_voice_assistant.core.aws_client - ERROR - AWS Comprehend connectivity test failed: Unable to locate credentials
2026-01-26 02:33:02,072 - bharat_voice_assistant.core.aws_client - ERROR - AWS configuration validation failed: ['Critical AWS services failed connectivity test: sts, s3, transcribe, polly']
2026-01-26 02:33:02,072 - bharat_voice_assistant.core.aws_client - WARNING - AWS configuration warning: AWS credentials not configured (using IAM role or environment)
2026-01-26 02:33:02,124 - bharat_voice_assistant.voice.audio_processor - INFO - AudioProcessor initialized
2026-01-26 02:33:02,125 - bharat_voice_assistant.voice.connection_manager - INFO - ConnectionManager initialized
2026-01-26 02:33:02,125 - bharat_voice_assistant.voice.speech_recognition - INFO - SpeechRecognizer initialized with Indian language models
2026-01-26 02:33:02,125 - bharat_voice_assistant.voice.gateway - INFO - VoiceInterfaceGateway initialized on localhost:8001
2026-01-26 02:33:02,127 - bharat_voice_assistant.voice.audio_processor - INFO - AudioProcessor initialized
2026-01-26 02:33:02,127 - bharat_voice_assistant.voice.connection_manager - INFO - ConnectionManager initialized
2026-01-26 02:33:02,127 - bharat_voice_assistant.voice.speech_recognition - INFO - SpeechRecognizer initialized with Indian language models
2026-01-26 02:33:02,127 - bharat_voice_assistant.voice.gateway - INFO - VoiceInterfaceGateway initialized on localhost:8001
2026-01-26 02:33:02,131 - bharat_voice_assistant.voice.gateway - INFO - Voice Interface Gateway started on ws://localhost:8001
2026-01-26 02:33:02,131 - bharat_voice_assistant.voice.gateway - INFO - Voice Interface Gateway stopped
2026-01-26 02:33:02,133 - bharat_voice_assistant.voice.audio_processor - INFO - AudioProcessor initialized
2026-01-26 02:33:02,133 - bharat_voice_assistant.voice.connection_manager - INFO - ConnectionManager initialized
2026-01-26 02:33:02,133 - bharat_voice_assistant.voice.speech_recognition - INFO - SpeechRecognizer initialized with Indian language models
2026-01-26 02:33:02,133 - bharat_voice_assistant.voice.gateway - INFO - VoiceInterfaceGateway initialized on localhost:8001
2026-01-26 02:33:02,135 - bharat_voice_assistant.voice.gateway - INFO - Session started for client test-client-123
2026-01-26 02:33:02,136 - bharat_voice_assistant.voice.audio_processor - INFO - AudioProcessor initialized
2026-01-26 02:33:02,137 - bharat_voice_assistant.voice.connection_manager - INFO - ConnectionManager initialized
2026-01-26 02:33:02,137 - bharat_voice_assistant.voice.speech_recognition - INFO - SpeechRecognizer initialized with Indian language models
2026-01-26 02:33:02,137 - bharat_voice_assistant.voice.gateway - INFO - VoiceInterfaceGateway initialized on localhost:8001
2026-01-26 02:33:02,138 - bharat_voice_assistant.voice.gateway - INFO - Session ended for client test-client-123 (duration: 60.0s)
2026-01-26 02:33:02,140 - bharat_voice_assistant.voice.audio_processor - INFO - AudioProcessor initialized
2026-01-26 02:33:02,140 - bharat_voice_assistant.voice.connection_manager - INFO - ConnectionManager initialized
2026-01-26 02:33:02,140 - bharat_voice_assistant.voice.speech_recognition - INFO - SpeechRecognizer initialized with Indian language models
2026-01-26 02:33:02,140 - bharat_voice_assistant.voice.gateway - INFO - VoiceInterfaceGateway initialized on localhost:8001
2026-01-26 02:33:02,142 - bharat_voice_assistant.voice.audio_processor - INFO - AudioProcessor initialized
2026-01-26 02:33:02,142 - bharat_voice_assistant.voice.connection_manager - INFO - ConnectionManager initialized
2026-01-26 02:33:02,142 - bharat_voice_assistant.voice.speech_recognition - INFO - SpeechRecognizer initialized with Indian language models
2026-01-26 02:33:02,143 - bharat_voice_assistant.voice.gateway - INFO - VoiceInterfaceGateway initialized on localhost:8001
2026-01-26 02:33:02,145 - bharat_voice_assistant.voice.speech_recognition - ERROR - Error uploading audio to S3: AWS authentication failed during AWS API call put_object
2026-01-26 02:33:02,146 - bharat_voice_assistant.voice.speech_recognition - ERROR - Real-time recognition failed: AWS authentication failed during AWS API call put_object
2026-01-26 02:33:02,146 - bharat_voice_assistant.voice.speech_recognition - ERROR - Speech recognition failed: AWS authentication failed during AWS API call put_object
2026-01-26 02:33:02,146 - bharat_voice_assistant.voice.gateway - ERROR - Error processing voice input for client test-client-123: Failed to recognize speech
2026-01-26 02:33:02,321 - bharat_voice_assistant.voice.audio_processor - INFO - AudioProcessor initialized
2026-01-26 02:33:02,321 - bharat_voice_assistant.voice.connection_manager - INFO - ConnectionManager initialized
2026-01-26 02:33:02,321 - bharat_voice_assistant.voice.speech_recognition - INFO - SpeechRecognizer initialized with Indian language models
2026-01-26 02:33:02,321 - bharat_voice_assistant.voice.gateway - INFO - VoiceInterfaceGateway initialized on localhost:8001
2026-01-26 02:33:02,324 - bharat_voice_assistant.voice.speech_recognition - ERROR - Error uploading audio to S3: AWS authentication failed during AWS API call put_object
2026-01-26 02:33:02,324 - bharat_voice_assistant.voice.speech_recognition - ERROR - Real-time recognition failed: AWS authentication failed during AWS API call put_object
2026-01-26 02:33:02,324 - bharat_voice_assistant.voice.speech_recognition - ERROR - Speech recognition failed: AWS authentication failed during AWS API call put_object
2026-01-26 02:33:02,324 - bharat_voice_assistant.voice.gateway - ERROR - Error processing voice input for client test-client-123: Failed to recognize speech
2026-01-26 02:33:02,332 - bharat_voice_assistant.voice.audio_processor - INFO - AudioProcessor initialized
2026-01-26 02:33:02,332 - bharat_voice_assistant.voice.connection_manager - INFO - ConnectionManager initialized
2026-01-26 02:33:02,332 - bharat_voice_assistant.voice.speech_recognition - INFO - SpeechRecognizer initialized with Indian language models
2026-01-26 02:33:02,332 - bharat_voice_assistant.voice.gateway - INFO - VoiceInterfaceGateway initialized on localhost:8001
2026-01-26 02:33:02,334 - bharat_voice_assistant.voice.audio_processor - INFO - AudioProcessor initialized
2026-01-26 02:33:02,335 - bharat_voice_assistant.voice.connection_manager - INFO - ConnectionManager initialized
2026-01-26 02:33:02,335 - bharat_voice_assistant.voice.speech_recognition - INFO - SpeechRecognizer initialized with Indian language models
2026-01-26 02:33:02,335 - bharat_voice_assistant.voice.gateway - INFO - VoiceInterfaceGateway initialized on localhost:8001
2026-01-26 02:33:02,337 - bharat_voice_assistant.voice.audio_processor - INFO - AudioProcessor initialized
2026-01-26 02:33:02,338 - bharat_voice_assistant.voice.connection_manager - INFO - ConnectionManager initialized
2026-01-26 02:33:02,338 - bharat_voice_assistant.voice.speech_recognition - INFO - SpeechRecognizer initialized with Indian language models
2026-01-26 02:33:02,338 - bharat_voice_assistant.voice.gateway - INFO - VoiceInterfaceGateway initialized on localhost:8001
2026-01-26 02:33:02,340 - bharat_voice_assistant.voice.audio_processor - INFO - AudioProcessor initialized
2026-01-26 02:33:02,341 - bharat_voice_assistant.voice.audio_processor - INFO - AudioProcessor initialized
2026-01-26 02:33:02,347 - bharat_voice_assistant.voice.audio_processor - INFO - AudioProcessor initialized
2026-01-26 02:33:02,388 - bharat_voice_assistant.voice.audio_processor - INFO - AudioProcessor initialized
2026-01-26 02:33:02,391 - bharat_voice_assistant.voice.connection_manager - INFO - ConnectionManager initialized
2026-01-26 02:33:02,392 - bharat_voice_assistant.voice.connection_manager - INFO - ConnectionManager initialized
2026-01-26 02:33:02,393 - bharat_voice_assistant.voice.connection_manager - INFO - ConnectionManager started
2026-01-26 02:33:02,393 - bharat_voice_assistant.voice.connection_manager - INFO - ConnectionManager stopped
2026-01-26 02:33:02,395 - bharat_voice_assistant.voice.connection_manager - INFO - ConnectionManager initialized
2026-01-26 02:33:02,396 - bharat_voice_assistant.voice.connection_manager - INFO - ConnectionManager initialized
2026-01-26 02:37:39,437 - bharat_voice_assistant.core.logging - INFO - Logging initialized with level INFO and format simple
2026-01-26 02:37:40,170 - bharat_voice_assistant.core.aws_client - INFO - Initializing AWS clients...
2026-01-26 02:37:40,247 - bharat_voice_assistant.core.aws_client - INFO - Created AWS sts client
2026-01-26 02:37:40,248 - bharat_voice_assistant.core.aws_client - ERROR - AWS STS connectivity test failed: Unable to locate credentials
2026-01-26 02:37:40,281 - bharat_voice_assistant.core.aws_client - INFO - Created AWS s3 client
2026-01-26 02:37:40,282 - bharat_voice_assistant.core.aws_client - ERROR - AWS S3 connectivity test failed: Unable to locate credentials
2026-01-26 02:37:40,302 - bharat_voice_assistant.core.aws_client - INFO - Created AWS transcribe client
2026-01-26 02:37:40,302 - bharat_voice_assistant.core.aws_client - ERROR - AWS Transcribe connectivity test failed: Unable to locate credentials
2026-01-26 02:37:40,333 - bharat_voice_assistant.core.aws_client - INFO - Created AWS polly client
2026-01-26 02:37:40,333 - bharat_voice_assistant.core.aws_client - ERROR - AWS Polly connectivity test failed: Unable to locate credentials
2026-01-26 02:37:40,360 - bharat_voice_assistant.core.aws_client - INFO - Created AWS comprehend client
2026-01-26 02:37:40,360 - bharat_voice_assistant.core.aws_client - ERROR - AWS Comprehend connectivity test failed: Unable to locate credentials
2026-01-26 02:37:40,361 - bharat_voice_assistant.core.aws_client - ERROR - AWS configuration validation failed: ['Critical AWS services failed connectivity test: sts, s3, transcribe, polly']
2026-01-26 02:37:40,361 - bharat_voice_assistant.core.aws_client - WARNING - AWS configuration warning: AWS credentials not configured (using IAM role or environment)
2026-01-26 02:37:40,417 - bharat_voice_assistant.voice.audio_processor - INFO - AudioProcessor initialized
2026-01-26 02:37:40,417 - bharat_voice_assistant.voice.connection_manager - INFO - ConnectionManager initialized
2026-01-26 02:37:40,417 - bharat_voice_assistant.voice.speech_recognition - INFO - SpeechRecognizer initialized with Indian language models
2026-01-26 02:37:40,417 - bharat_voice_assistant.voice.gateway - INFO - VoiceInterfaceGateway initialized on localhost:8001
2026-01-26 02:37:40,422 - bharat_voice_assistant.voice.audio_processor - INFO - AudioProcessor initialized
2026-01-26 02:37:40,422 - bharat_voice_assistant.voice.connection_manager - INFO - ConnectionManager initialized
2026-01-26 02:37:40,422 - bharat_voice_assistant.voice.speech_recognition - INFO - SpeechRecognizer initialized with Indian language models
2026-01-26 02:37:40,422 - bharat_voice_assistant.voice.gateway - INFO - VoiceInterfaceGateway initialized on localhost:8001
2026-01-26 02:39:00,961 - bharat_voice_assistant.core.logging - INFO - Logging initialized with level INFO and format simple
2026-01-26 02:39:01,754 - bharat_voice_assistant.core.aws_client - INFO - Initializing AWS clients...
2026-01-26 02:39:01,844 - bharat_voice_assistant.core.aws_client - INFO - Created AWS sts client
2026-01-26 02:39:01,846 - bharat_voice_assistant.core.aws_client - ERROR - AWS STS connectivity test failed: Unable to locate credentials
2026-01-26 02:39:01,907 - bharat_voice_assistant.core.aws_client - INFO - Created AWS s3 client
2026-01-26 02:39:01,908 - bharat_voice_assistant.core.aws_client - ERROR - AWS S3 connectivity test failed: Unable to locate credentials
2026-01-26 02:39:01,916 - bharat_voice_assistant.core.aws_client - INFO - Created AWS transcribe client
2026-01-26 02:39:01,917 - bharat_voice_assistant.core.aws_client - ERROR - AWS Transcribe connectivity test failed: Unable to locate credentials
2026-01-26 02:39:01,944 - bharat_voice_assistant.core.aws_client - INFO - Created AWS polly client
2026-01-26 02:39:01,945 - bharat_voice_assistant.core.aws_client - ERROR - AWS Polly connectivity test failed: Unable to locate credentials
2026-01-26 02:39:01,966 - bharat_voice_assistant.core.aws_client - INFO - Created AWS comprehend client
2026-01-26 02:39:01,966 - bharat_voice_assistant.core.aws_client - ERROR - AWS Comprehend connectivity test failed: Unable to locate credentials
2026-01-26 02:39:01,967 - bharat_voice_assistant.core.aws_client - ERROR - AWS configuration validation failed: ['Critical AWS services failed connectivity test: sts, s3, transcribe, polly']
2026-01-26 02:39:01,967 - bharat_voice_assistant.core.aws_client - WARNING - AWS configuration warning: AWS credentials not configured (using IAM role or environment)
2026-01-26 02:39:02,019 - bharat_voice_assistant.voice.audio_processor - INFO - AudioProcessor initialized
2026-01-26 02:39:02,020 - bharat_voice_assistant.voice.connection_manager - INFO - ConnectionManager initialized
2026-01-26 02:39:02,020 - bharat_voice_assistant.voice.speech_recognition - INFO - SpeechRecognizer initialized with Indian language models
2026-01-26 02:39:02,020 - bharat_voice_assistant.voice.gateway - INFO - VoiceInterfaceGateway initialized on localhost:8001
2026-01-26 02:39:02,022 - bharat_voice_assistant.voice.audio_processor - INFO - AudioProcessor initialized
2026-01-26 02:39:02,022 - bharat_voice_assistant.voice.connection_manager - INFO - ConnectionManager initialized
2026-01-26 02:39:02,022 - bharat_voice_assistant.voice.speech_recognition - INFO - SpeechRecognizer initialized with Indian language models
2026-01-26 02:39:02,022 - bharat_voice_assistant.voice.gateway - INFO - VoiceInterfaceGateway initialized on localhost:8001
2026-01-26 02:39:02,026 - bharat_voice_assistant.voice.gateway - INFO - Voice Interface Gateway started on ws://localhost:8001
2026-01-26 02:39:02,027 - bharat_voice_assistant.voice.gateway - INFO - Voice Interface Gateway stopped
2026-01-26 02:39:02,028 - bharat_voice_assistant.voice.audio_processor - INFO - AudioProcessor initialized
2026-01-26 02:39:02,028 - bharat_voice_assistant.voice.connection_manager - INFO - ConnectionManager initialized
2026-01-26 02:39:02,028 - bharat_voice_assistant.voice.speech_recognition - INFO - SpeechRecognizer initialized with Indian language models
2026-01-26 02:39:02,029 - bharat_voice_assistant.voice.gateway - INFO - VoiceInterfaceGateway initialized on localhost:8001
2026-01-26 02:39:02,030 - bharat_voice_assistant.voice.gateway - INFO - Session started for client test-client-123
2026-01-26 02:39:02,031 - bharat_voice_assistant.voice.audio_processor - INFO - AudioProcessor initialized
2026-01-26 02:39:02,031 - bharat_voice_assistant.voice.connection_manager - INFO - ConnectionManager initialized
2026-01-26 02:39:02,031 - bharat_voice_assistant.voice.speech_recognition - INFO - SpeechRecognizer initialized with Indian language models
2026-01-26 02:39:02,031 - bharat_voice_assistant.voice.gateway - INFO - VoiceInterfaceGateway initialized on localhost:8001
2026-01-26 02:39:02,033 - bharat_voice_assistant.voice.gateway - INFO - Session ended for client test-client-123 (duration: 60.0s)
2026-01-26 02:39:02,034 - bharat_voice_assistant.voice.audio_processor - INFO - AudioProcessor initialized
2026-01-26 02:39:02,034 - bharat_voice_assistant.voice.connection_manager - INFO - ConnectionManager initialized
2026-01-26 02:39:02,034 - bharat_voice_assistant.voice.speech_recognition - INFO - SpeechRecognizer initialized with Indian language models
2026-01-26 02:39:02,035 - bharat_voice_assistant.voice.gateway - INFO - VoiceInterfaceGateway initialized on localhost:8001
2026-01-26 02:39:02,038 - bharat_voice_assistant.voice.audio_processor - INFO - AudioProcessor initialized
2026-01-26 02:39:02,038 - bharat_voice_assistant.voice.connection_manager - INFO - ConnectionManager initialized
2026-01-26 02:39:02,038 - bharat_voice_assistant.voice.speech_recognition - INFO - SpeechRecognizer initialized with Indian language models
2026-01-26 02:39:02,038 - bharat_voice_assistant.voice.gateway - INFO - VoiceInterfaceGateway initialized on localhost:8001
2026-01-26 02:39:02,040 - bharat_voice_assistant.voice.audio_processor - INFO - AudioProcessor initialized
2026-01-26 02:39:02,040 - bharat_voice_assistant.voice.connection_manager - INFO - ConnectionManager initialized
2026-01-26 02:39:02,040 - bharat_voice_assistant.voice.speech_recognition - INFO - SpeechRecognizer initialized with Indian language models
2026-01-26 02:39:02,040 - bharat_voice_assistant.voice.gateway - INFO - VoiceInterfaceGateway initialized on localhost:8001
2026-01-26 02:39:02,043 - bharat_voice_assistant.voice.audio_processor - INFO - AudioProcessor initialized
2026-01-26 02:39:02,043 - bharat_voice_assistant.voice.connection_manager - INFO - ConnectionManager initialized
2026-01-26 02:39:02,043 - bharat_voice_assistant.voice.speech_recognition - INFO - SpeechRecognizer initialized with Indian language models
2026-01-26 02:39:02,043 - bharat_voice_assistant.voice.gateway - INFO - VoiceInterfaceGateway initialized on localhost:8001
2026-01-26 02:39:02,044 - bharat_voice_assistant.voice.audio_processor - INFO - AudioProcessor initialized
2026-01-26 02:39:02,045 - bharat_voice_assistant.voice.connection_manager - INFO - ConnectionManager initialized
2026-01-26 02:39:02,045 - bharat_voice_assistant.voice.speech_recognition - INFO - SpeechRecognizer initialized with Indian language models
2026-01-26 02:39:02,045 - bharat_voice_assistant.voice.gateway - INFO - VoiceInterfaceGateway initialized on localhost:8001
2026-01-26 02:39:02,047 - bharat_voice_assistant.voice.audio_processor - INFO - AudioProcessor initialized
2026-01-26 02:39:02,047 - bharat_voice_assistant.voice.connection_manager - INFO - ConnectionManager initialized
2026-01-26 02:39:02,047 - bharat_voice_assistant.voice.speech_recognition - INFO - SpeechRecognizer initialized with Indian language models
2026-01-26 02:39:02,047 - bharat_voice_assistant.voice.gateway - INFO - VoiceInterfaceGateway initialized on localhost:8001
2026-01-26 02:39:02,050 - bharat_voice_assistant.voice.audio_processor - INFO - AudioProcessor initialized
2026-01-26 02:39:02,052 - bharat_voice_assistant.voice.audio_processor - INFO - AudioProcessor initialized
2026-01-26 02:39:02,056 - bharat_voice_assistant.voice.audio_processor - INFO - AudioProcessor initialized
2026-01-26 02:39:02,096 - bharat_voice_assistant.voice.audio_processor - INFO - AudioProcessor initialized
2026-01-26 02:39:02,098 - bharat_voice_assistant.voice.connection_manager - INFO - ConnectionManager initialized
2026-01-26 02:39:02,100 - bharat_voice_assistant.voice.connection_manager - INFO - ConnectionManager initialized
2026-01-26 02:39:02,101 - bharat_voice_assistant.voice.connection_manager - INFO - ConnectionManager started
2026-01-26 02:39:02,101 - bharat_voice_assistant.voice.connection_manager - INFO - ConnectionManager stopped
2026-01-26 02:39:02,102 - bharat_voice_assistant.voice.connection_manager - INFO - ConnectionManager initialized
2026-01-26 02:39:02,103 - bharat_voice_assistant.voice.connection_manager - INFO - ConnectionManager initialized
2026-01-26 02:43:54,240 - bharat_voice_assistant.core.logging - INFO - Logging initialized with level INFO and format simple
2026-01-26 02:43:55,044 - bharat_voice_assistant.core.aws_client - INFO - Initializing AWS clients...
2026-01-26 02:43:55,127 - bharat_voice_assistant.core.aws_client - INFO - Created AWS sts client
2026-01-26 02:43:55,128 - bharat_voice_assistant.core.aws_client - ERROR - AWS STS connectivity test failed: Unable to locate credentials
2026-01-26 02:43:55,184 - bharat_voice_assistant.core.aws_client - INFO - Created AWS s3 client
2026-01-26 02:43:55,185 - bharat_voice_assistant.core.aws_client - ERROR - AWS S3 connectivity test failed: Unable to locate credentials
2026-01-26 02:43:55,203 - bharat_voice_assistant.core.aws_client - INFO - Created AWS transcribe client
2026-01-26 02:43:55,203 - bharat_voice_assistant.core.aws_client - ERROR - AWS Transcribe connectivity test failed: Unable to locate credentials
2026-01-26 02:43:55,235 - bharat_voice_assistant.core.aws_client - INFO - Created AWS polly client
2026-01-26 02:43:55,236 - bharat_voice_assistant.core.aws_client - ERROR - AWS Polly connectivity test failed: Unable to locate credentials
2026-01-26 02:43:55,269 - bharat_voice_assistant.core.aws_client - INFO - Created AWS comprehend client
2026-01-26 02:43:55,269 - bharat_voice_assistant.core.aws_client - ERROR - AWS Comprehend connectivity test failed: Unable to locate credentials
2026-01-26 02:43:55,269 - bharat_voice_assistant.core.aws_client - ERROR - AWS configuration validation failed: ['Critical AWS services failed connectivity test: sts, s3, transcribe, polly']
2026-01-26 02:43:55,269 - bharat_voice_assistant.core.aws_client - WARNING - AWS configuration warning: AWS credentials not configured (using IAM role or environment)
2026-01-26 02:43:55,320 - bharat_voice_assistant.voice.speech_recognition - INFO - SpeechRecognizer initialized with Indian language models
2026-01-26 02:43:55,328 - bharat_voice_assistant.voice.speech_recognition - INFO - SpeechRecognizer initialized with Indian language models
2026-01-26 02:43:55,331 - bharat_voice_assistant.voice.speech_recognition - INFO - Low confidence recognition: 0.35 < 0.7
2026-01-26 02:43:55,331 - bharat_voice_assistant.voice.speech_recognition - INFO - High noise level detected: 0.65
2026-01-26 02:43:55,333 - bharat_voice_assistant.voice.speech_recognition - INFO - SpeechRecognizer initialized with Indian language models
2026-01-26 02:43:55,337 - bharat_voice_assistant.voice.speech_recognition - INFO - SpeechRecognizer initialized with Indian language models
2026-01-26 02:43:55,342 - bharat_voice_assistant.voice.speech_recognition - INFO - SpeechRecognizer initialized with Indian language models
2026-01-26 02:43:55,344 - bharat_voice_assistant.voice.speech_recognition - ERROR - Error checking transcription job status: Transcription job failed: Audio quality too poor
2026-01-26 02:43:55,344 - bharat_voice_assistant.voice.speech_recognition - ERROR - Real-time recognition failed: Transcription job failed: Audio quality too poor
2026-01-26 02:43:55,347 - bharat_voice_assistant.voice.speech_recognition - INFO - SpeechRecognizer initialized with Indian language models
2026-01-26 02:43:55,349 - bharat_voice_assistant.voice.speech_recognition - ERROR - Real-time recognition failed: Transcription job timed out
2026-01-26 02:43:55,352 - bharat_voice_assistant.voice.speech_recognition - INFO - SpeechRecognizer initialized with Indian language models
2026-01-26 02:43:55,354 - bharat_voice_assistant.voice.speech_recognition - INFO - SpeechRecognizer initialized with Indian language models
2026-01-26 02:43:55,356 - bharat_voice_assistant.voice.speech_recognition - INFO - SpeechRecognizer initialized with Indian language models
2026-01-26 02:43:55,358 - bharat_voice_assistant.voice.speech_recognition - INFO - Using optimized real-time recognition for streaming mode
2026-01-26 02:43:55,359 - bharat_voice_assistant.voice.speech_recognition - INFO - SpeechRecognizer initialized with Indian language models
2026-01-26 02:45:31,783 - bharat_voice_assistant.core.logging - INFO - Logging initialized with level INFO and format simple
2026-01-26 02:45:32,608 - bharat_voice_assistant.core.aws_client - INFO - Initializing AWS clients...
2026-01-26 02:45:32,711 - bharat_voice_assistant.core.aws_client - INFO - Created AWS sts client
2026-01-26 02:45:32,713 - bharat_voice_assistant.core.aws_client - ERROR - AWS STS connectivity test failed: Unable to locate credentials
2026-01-26 02:45:32,733 - bharat_voice_assistant.core.aws_client - INFO - Created AWS s3 client
2026-01-26 02:45:32,734 - bharat_voice_assistant.core.aws_client - ERROR - AWS S3 connectivity test failed: Unable to locate credentials
2026-01-26 02:45:32,742 - bharat_voice_assistant.core.aws_client - INFO - Created AWS transcribe client
2026-01-26 02:45:32,742 - bharat_voice_assistant.core.aws_client - ERROR - AWS Transcribe connectivity test failed: Unable to locate credentials
2026-01-26 02:45:32,747 - bharat_voice_assistant.core.aws_client - INFO - Created AWS polly client
2026-01-26 02:45:32,747 - bharat_voice_assistant.core.aws_client - ERROR - AWS Polly connectivity test failed: Unable to locate credentials
2026-01-26 02:45:32,755 - bharat_voice_assistant.core.aws_client - INFO - Created AWS comprehend client
2026-01-26 02:45:32,756 - bharat_voice_assistant.core.aws_client - ERROR - AWS Comprehend connectivity test failed: Unable to locate credentials
2026-01-26 02:45:32,756 - bharat_voice_assistant.core.aws_client - ERROR - AWS configuration validation failed: ['Critical AWS services failed connectivity test: sts, s3, transcribe, polly']
2026-01-26 02:45:32,756 - bharat_voice_assistant.core.aws_client - WARNING - AWS configuration warning: AWS credentials not configured (using IAM role or environment)
2026-01-26 02:45:32,806 - bharat_voice_assistant.voice.speech_recognition - INFO - SpeechRecognizer initialized with Indian language models
2026-01-26 02:45:32,814 - bharat_voice_assistant.voice.speech_recognition - INFO - SpeechRecognizer initialized with Indian language models
2026-01-26 02:45:32,816 - bharat_voice_assistant.voice.speech_recognition - INFO - Low confidence recognition: 0.35 < 0.7
2026-01-26 02:45:32,816 - bharat_voice_assistant.voice.speech_recognition - INFO - High noise level detected: 0.65
2026-01-26 02:45:32,818 - bharat_voice_assistant.voice.audio_processor - INFO - AudioProcessor initialized
2026-01-26 02:45:32,818 - bharat_voice_assistant.voice.connection_manager - INFO - ConnectionManager initialized
2026-01-26 02:45:32,819 - bharat_voice_assistant.voice.speech_recognition - INFO - SpeechRecognizer initialized with Indian language models
2026-01-26 02:45:32,819 - bharat_voice_assistant.voice.gateway - INFO - VoiceInterfaceGateway initialized on 0.0.0.0:8001
2026-01-26 02:45:32,963 - bharat_voice_assistant.voice.audio_processor - INFO - AudioProcessor initialized
2026-01-26 02:45:32,963 - bharat_voice_assistant.voice.connection_manager - INFO - ConnectionManager initialized
2026-01-26 02:45:32,963 - bharat_voice_assistant.voice.speech_recognition - INFO - SpeechRecognizer initialized with Indian language models
2026-01-26 02:45:32,963 - bharat_voice_assistant.voice.gateway - INFO - VoiceInterfaceGateway initialized on 0.0.0.0:8001
2026-01-26 02:45:32,966 - bharat_voice_assistant.voice.speech_recognition - INFO - SpeechRecognizer initialized with Indian language models
2026-01-26 02:46:18,427 - bharat_voice_assistant.core.logging - INFO - Logging initialized with level INFO and format simple
2026-01-26 02:46:19,123 - bharat_voice_assistant.core.aws_client - INFO - Initializing AWS clients...
2026-01-26 02:46:19,196 - bharat_voice_assistant.core.aws_client - INFO - Created AWS sts client
2026-01-26 02:46:19,198 - bharat_voice_assistant.core.aws_client - ERROR - AWS STS connectivity test failed: Unable to locate credentials
2026-01-26 02:46:19,252 - bharat_voice_assistant.core.aws_client - INFO - Created AWS s3 client
2026-01-26 02:46:19,253 - bharat_voice_assistant.core.aws_client - ERROR - AWS S3 connectivity test failed: Unable to locate credentials
2026-01-26 02:46:19,261 - bharat_voice_assistant.core.aws_client - INFO - Created AWS transcribe client
2026-01-26 02:46:19,262 - bharat_voice_assistant.core.aws_client - ERROR - AWS Transcribe connectivity test failed: Unable to locate credentials
2026-01-26 02:46:19,283 - bharat_voice_assistant.core.aws_client - INFO - Created AWS polly client
2026-01-26 02:46:19,283 - bharat_voice_assistant.core.aws_client - ERROR - AWS Polly connectivity test failed: Unable to locate credentials
2026-01-26 02:46:19,303 - bharat_voice_assistant.core.aws_client - INFO - Created AWS comprehend client
2026-01-26 02:46:19,304 - bharat_voice_assistant.core.aws_client - ERROR - AWS Comprehend connectivity test failed: Unable to locate credentials
2026-01-26 02:46:19,304 - bharat_voice_assistant.core.aws_client - ERROR - AWS configuration validation failed: ['Critical AWS services failed connectivity test: sts, s3, transcribe, polly']
2026-01-26 02:46:19,304 - bharat_voice_assistant.core.aws_client - WARNING - AWS configuration warning: AWS credentials not configured (using IAM role or environment)
2026-01-26 02:46:19,356 - bharat_voice_assistant.voice.audio_processor - INFO - AudioProcessor initialized
2026-01-26 02:46:19,356 - bharat_voice_assistant.voice.connection_manager - INFO - ConnectionManager initialized
2026-01-26 02:46:19,356 - bharat_voice_assistant.voice.speech_recognition - INFO - SpeechRecognizer initialized with Indian language models
2026-01-26 02:46:19,356 - bharat_voice_assistant.voice.gateway - INFO - VoiceInterfaceGateway initialized on 0.0.0.0:8001
2026-01-26 02:47:28,515 - bharat_voice_assistant.core.logging - INFO - Logging initialized with level INFO and format simple
2026-01-26 02:47:29,302 - bharat_voice_assistant.core.aws_client - INFO - Initializing AWS clients...
2026-01-26 02:47:29,386 - bharat_voice_assistant.core.aws_client - INFO - Created AWS sts client
2026-01-26 02:47:29,387 - bharat_voice_assistant.core.aws_client - ERROR - AWS STS connectivity test failed: Unable to locate credentials
2026-01-26 02:47:29,445 - bharat_voice_assistant.core.aws_client - INFO - Created AWS s3 client
2026-01-26 02:47:29,446 - bharat_voice_assistant.core.aws_client - ERROR - AWS S3 connectivity test failed: Unable to locate credentials
2026-01-26 02:47:29,468 - bharat_voice_assistant.core.aws_client - INFO - Created AWS transcribe client
2026-01-26 02:47:29,468 - bharat_voice_assistant.core.aws_client - ERROR - AWS Transcribe connectivity test failed: Unable to locate credentials
2026-01-26 02:47:29,484 - bharat_voice_assistant.core.aws_client - INFO - Created AWS polly client
2026-01-26 02:47:29,485 - bharat_voice_assistant.core.aws_client - ERROR - AWS Polly connectivity test failed: Unable to locate credentials
2026-01-26 02:47:29,510 - bharat_voice_assistant.core.aws_client - INFO - Created AWS comprehend client
2026-01-26 02:47:29,510 - bharat_voice_assistant.core.aws_client - ERROR - AWS Comprehend connectivity test failed: Unable to locate credentials
2026-01-26 02:47:29,511 - bharat_voice_assistant.core.aws_client - ERROR - AWS configuration validation failed: ['Critical AWS services failed connectivity test: sts, s3, transcribe, polly']
2026-01-26 02:47:29,511 - bharat_voice_assistant.core.aws_client - WARNING - AWS configuration warning: AWS credentials not configured (using IAM role or environment)
2026-01-26 02:47:29,558 - bharat_voice_assistant.voice.speech_recognition - INFO - SpeechRecognizer initialized with Indian language models
2026-01-26 02:47:29,565 - bharat_voice_assistant.voice.speech_recognition - INFO - SpeechRecognizer initialized with Indian language models
2026-01-26 02:47:29,567 - bharat_voice_assistant.voice.speech_recognition - INFO - Low confidence recognition: 0.35 < 0.7
2026-01-26 02:47:29,567 - bharat_voice_assistant.voice.speech_recognition - INFO - High noise level detected: 0.65
2026-01-26 02:47:29,569 - bharat_voice_assistant.voice.audio_processor - INFO - AudioProcessor initialized
2026-01-26 02:47:29,569 - bharat_voice_assistant.voice.connection_manager - INFO - ConnectionManager initialized
2026-01-26 02:47:29,569 - bharat_voice_assistant.voice.speech_recognition - INFO - SpeechRecognizer initialized with Indian language models
2026-01-26 02:47:29,569 - bharat_voice_assistant.voice.gateway - INFO - VoiceInterfaceGateway initialized on 0.0.0.0:8001
2026-01-26 02:47:29,572 - bharat_voice_assistant.voice.audio_processor - INFO - AudioProcessor initialized
2026-01-26 02:47:29,572 - bharat_voice_assistant.voice.connection_manager - INFO - ConnectionManager initialized
2026-01-26 02:47:29,572 - bharat_voice_assistant.voice.speech_recognition - INFO - SpeechRecognizer initialized with Indian language models
2026-01-26 02:47:29,572 - bharat_voice_assistant.voice.gateway - INFO - VoiceInterfaceGateway initialized on 0.0.0.0:8001
2026-01-26 02:47:29,575 - bharat_voice_assistant.voice.speech_recognition - INFO - SpeechRecognizer initialized with Indian language models
2026-01-26 02:47:42,324 - bharat_voice_assistant.core.logging - INFO - Logging initialized with level INFO and format simple
2026-01-26 02:47:43,096 - bharat_voice_assistant.core.aws_client - INFO - Initializing AWS clients...
2026-01-26 02:47:43,170 - bharat_voice_assistant.core.aws_client - INFO - Created AWS sts client
2026-01-26 02:47:43,172 - bharat_voice_assistant.core.aws_client - ERROR - AWS STS connectivity test failed: Unable to locate credentials
2026-01-26 02:47:43,227 - bharat_voice_assistant.core.aws_client - INFO - Created AWS s3 client
2026-01-26 02:47:43,228 - bharat_voice_assistant.core.aws_client - ERROR - AWS S3 connectivity test failed: Unable to locate credentials
2026-01-26 02:47:43,256 - bharat_voice_assistant.core.aws_client - INFO - Created AWS transcribe client
2026-01-26 02:47:43,257 - bharat_voice_assistant.core.aws_client - ERROR - AWS Transcribe connectivity test failed: Unable to locate credentials
2026-01-26 02:47:43,275 - bharat_voice_assistant.core.aws_client - INFO - Created AWS polly client
2026-01-26 02:47:43,275 - bharat_voice_assistant.core.aws_client - ERROR - AWS Polly connectivity test failed: Unable to locate credentials
2026-01-26 02:47:43,320 - bharat_voice_assistant.core.aws_client - INFO - Created AWS comprehend client
2026-01-26 02:47:43,320 - bharat_voice_assistant.core.aws_client - ERROR - AWS Comprehend connectivity test failed: Unable to locate credentials
2026-01-26 02:47:43,320 - bharat_voice_assistant.core.aws_client - ERROR - AWS configuration validation failed: ['Critical AWS services failed connectivity test: sts, s3, transcribe, polly']
2026-01-26 02:47:43,321 - bharat_voice_assistant.core.aws_client - WARNING - AWS configuration warning: AWS credentials not configured (using IAM role or environment)
2026-01-26 02:47:43,371 - bharat_voice_assistant.voice.speech_recognition - INFO - SpeechRecognizer initialized with Indian language models
2026-01-26 02:47:43,379 - bharat_voice_assistant.voice.speech_recognition - INFO - SpeechRecognizer initialized with Indian language models
2026-01-26 02:47:43,382 - bharat_voice_assistant.voice.speech_recognition - INFO - Low confidence recognition: 0.35 < 0.7
2026-01-26 02:47:43,382 - bharat_voice_assistant.voice.speech_recognition - INFO - High noise level detected: 0.65
2026-01-26 02:47:43,385 - bharat_voice_assistant.voice.speech_recognition - INFO - SpeechRecognizer initialized with Indian language models
2026-01-26 02:47:43,390 - bharat_voice_assistant.voice.speech_recognition - INFO - SpeechRecognizer initialized with Indian language models
2026-01-26 02:47:43,394 - bharat_voice_assistant.voice.speech_recognition - INFO - SpeechRecognizer initialized with Indian language models
2026-01-26 02:47:43,396 - bharat_voice_assistant.voice.speech_recognition - ERROR - Error checking transcription job status: Transcription job failed: Audio quality too poor
2026-01-26 02:47:43,396 - bharat_voice_assistant.voice.speech_recognition - ERROR - Real-time recognition failed: Transcription job failed: Audio quality too poor
2026-01-26 02:47:43,398 - bharat_voice_assistant.voice.speech_recognition - INFO - SpeechRecognizer initialized with Indian language models
2026-01-26 02:47:43,401 - bharat_voice_assistant.voice.speech_recognition - ERROR - Real-time recognition failed: Transcription job timed out
2026-01-26 02:47:43,403 - bharat_voice_assistant.voice.speech_recognition - INFO - SpeechRecognizer initialized with Indian language models
2026-01-26 02:47:43,405 - bharat_voice_assistant.voice.speech_recognition - INFO - SpeechRecognizer initialized with Indian language models
2026-01-26 02:47:43,407 - bharat_voice_assistant.voice.speech_recognition - INFO - SpeechRecognizer initialized with Indian language models
2026-01-26 02:47:43,408 - bharat_voice_assistant.voice.speech_recognition - INFO - Using optimized real-time recognition for streaming mode
2026-01-26 02:47:43,410 - bharat_voice_assistant.voice.speech_recognition - INFO - SpeechRecognizer initialized with Indian language models
2026-01-26 02:47:43,421 - bharat_voice_assistant.voice.speech_recognition - INFO - SpeechRecognizer initialized with Indian language models
2026-01-26 02:47:43,426 - bharat_voice_assistant.voice.speech_recognition - INFO - SpeechRecognizer initialized with Indian language models
2026-01-26 02:47:43,428 - bharat_voice_assistant.voice.speech_recognition - INFO - Low confidence recognition: 0.35 < 0.7
2026-01-26 02:47:43,428 - bharat_voice_assistant.voice.speech_recognition - INFO - High noise level detected: 0.65
2026-01-26 02:47:43,431 - bharat_voice_assistant.voice.audio_processor - INFO - AudioProcessor initialized
2026-01-26 02:47:43,431 - bharat_voice_assistant.voice.connection_manager - INFO - ConnectionManager initialized
2026-01-26 02:47:43,431 - bharat_voice_assistant.voice.speech_recognition - INFO - SpeechRecognizer initialized with Indian language models
2026-01-26 02:47:43,431 - bharat_voice_assistant.voice.gateway - INFO - VoiceInterfaceGateway initialized on 0.0.0.0:8001
2026-01-26 02:47:43,433 - bharat_voice_assistant.voice.audio_processor - INFO - AudioProcessor initialized
2026-01-26 02:47:43,433 - bharat_voice_assistant.voice.connection_manager - INFO - ConnectionManager initialized
2026-01-26 02:47:43,434 - bharat_voice_assistant.voice.speech_recognition - INFO - SpeechRecognizer initialized with Indian language models
2026-01-26 02:47:43,434 - bharat_voice_assistant.voice.gateway - INFO - VoiceInterfaceGateway initialized on 0.0.0.0:8001
2026-01-26 02:47:43,436 - bharat_voice_assistant.voice.speech_recognition - INFO - SpeechRecognizer initialized with Indian language models
2026-01-26 02:49:04,641 - bharat_voice_assistant.core.logging - INFO - Logging initialized with level INFO and format simple
2026-01-26 02:49:05,446 - bharat_voice_assistant.core.aws_client - INFO - Initializing AWS clients...
2026-01-26 02:49:05,530 - bharat_voice_assistant.core.aws_client - INFO - Created AWS sts client
2026-01-26 02:49:05,531 - bharat_voice_assistant.core.aws_client - ERROR - AWS STS connectivity test failed: Unable to locate credentials
2026-01-26 02:49:05,593 - bharat_voice_assistant.core.aws_client - INFO - Created AWS s3 client
2026-01-26 02:49:05,594 - bharat_voice_assistant.core.aws_client - ERROR - AWS S3 connectivity test failed: Unable to locate credentials
2026-01-26 02:49:05,602 - bharat_voice_assistant.core.aws_client - INFO - Created AWS transcribe client
2026-01-26 02:49:05,602 - bharat_voice_assistant.core.aws_client - ERROR - AWS Transcribe connectivity test failed: Unable to locate credentials
2026-01-26 02:49:05,623 - bharat_voice_assistant.core.aws_client - INFO - Created AWS polly client
2026-01-26 02:49:05,623 - bharat_voice_assistant.core.aws_client - ERROR - AWS Polly connectivity test failed: Unable to locate credentials
2026-01-26 02:49:05,650 - bharat_voice_assistant.core.aws_client - INFO - Created AWS comprehend client
2026-01-26 02:49:05,651 - bharat_voice_assistant.core.aws_client - ERROR - AWS Comprehend connectivity test failed: Unable to locate credentials
2026-01-26 02:49:05,651 - bharat_voice_assistant.core.aws_client - ERROR - AWS configuration validation failed: ['Critical AWS services failed connectivity test: sts, s3, transcribe, polly']
2026-01-26 02:49:05,651 - bharat_voice_assistant.core.aws_client - WARNING - AWS configuration warning: AWS credentials not configured (using IAM role or environment)
2026-01-26 02:49:05,703 - bharat_voice_assistant.voice.speech_recognition - INFO - SpeechRecognizer initialized with Indian language models
2026-01-26 02:49:05,712 - bharat_voice_assistant.voice.speech_recognition - INFO - SpeechRecognizer initialized with Indian language models
2026-01-26 02:49:05,715 - bharat_voice_assistant.voice.speech_recognition - INFO - Low confidence recognition: 0.35 < 0.7
2026-01-26 02:49:05,715 - bharat_voice_assistant.voice.speech_recognition - INFO - High noise level detected: 0.65
2026-01-26 02:49:05,718 - bharat_voice_assistant.voice.speech_recognition - INFO - SpeechRecognizer initialized with Indian language models
2026-01-26 02:49:05,724 - bharat_voice_assistant.voice.speech_recognition - INFO - SpeechRecognizer initialized with Indian language models
2026-01-26 02:49:05,730 - bharat_voice_assistant.voice.speech_recognition - INFO - SpeechRecognizer initialized with Indian language models
2026-01-26 02:49:05,732 - bharat_voice_assistant.voice.speech_recognition - ERROR - Error checking transcription job status: Transcription job failed: Audio quality too poor
2026-01-26 02:49:05,733 - bharat_voice_assistant.voice.speech_recognition - ERROR - Real-time recognition failed: Transcription job failed: Audio quality too poor
2026-01-26 02:49:05,735 - bharat_voice_assistant.voice.speech_recognition - INFO - SpeechRecognizer initialized with Indian language models
2026-01-26 02:49:05,738 - bharat_voice_assistant.voice.speech_recognition - ERROR - Real-time recognition failed: Transcription job timed out
2026-01-26 02:49:05,740 - bharat_voice_assistant.voice.speech_recognition - INFO - SpeechRecognizer initialized with Indian language models
2026-01-26 02:49:05,742 - bharat_voice_assistant.voice.speech_recognition - INFO - SpeechRecognizer initialized with Indian language models
2026-01-26 02:49:05,745 - bharat_voice_assistant.voice.speech_recognition - INFO - SpeechRecognizer initialized with Indian language models
2026-01-26 02:49:05,746 - bharat_voice_assistant.voice.speech_recognition - INFO - Using optimized real-time recognition for streaming mode
2026-01-26 02:49:05,746 - bharat_voice_assistant.voice.speech_recognition - INFO - Fragmented speech pattern detected, likely due to connectivity
2026-01-26 02:49:05,882 - bharat_voice_assistant.voice.speech_recognition - INFO - SpeechRecognizer initialized with Indian language models
2026-01-26 02:49:05,884 - bharat_voice_assistant.voice.speech_recognition - INFO - Fragmented speech pattern detected, likely due to connectivity
2026-01-26 02:49:05,899 - bharat_voice_assistant.voice.speech_recognition - INFO - SpeechRecognizer initialized with Indian language models
2026-01-26 02:49:05,903 - bharat_voice_assistant.voice.speech_recognition - INFO - SpeechRecognizer initialized with Indian language models
2026-01-26 02:49:05,906 - bharat_voice_assistant.voice.speech_recognition - INFO - Low confidence recognition: 0.35 < 0.7
2026-01-26 02:49:05,906 - bharat_voice_assistant.voice.speech_recognition - INFO - High noise level detected: 0.65
2026-01-26 02:49:05,908 - bharat_voice_assistant.voice.audio_processor - INFO - AudioProcessor initialized
2026-01-26 02:49:05,908 - bharat_voice_assistant.voice.connection_manager - INFO - ConnectionManager initialized
2026-01-26 02:49:05,909 - bharat_voice_assistant.voice.speech_recognition - INFO - SpeechRecognizer initialized with Indian language models
2026-01-26 02:49:05,909 - bharat_voice_assistant.voice.gateway - INFO - VoiceInterfaceGateway initialized on 0.0.0.0:8001
2026-01-26 02:49:05,911 - bharat_voice_assistant.voice.audio_processor - INFO - AudioProcessor initialized
2026-01-26 02:49:05,911 - bharat_voice_assistant.voice.connection_manager - INFO - ConnectionManager initialized
2026-01-26 02:49:05,911 - bharat_voice_assistant.voice.speech_recognition - INFO - SpeechRecognizer initialized with Indian language models
2026-01-26 02:49:05,911 - bharat_voice_assistant.voice.gateway - INFO - VoiceInterfaceGateway initialized on 0.0.0.0:8001
2026-01-26 02:49:05,912 - bharat_voice_assistant.voice.gateway - ERROR - Error processing voice input for client rural-client: 'Mock' object can't be awaited
2026-01-26 02:49:05,918 - bharat_voice_assistant.voice.speech_recognition - INFO - SpeechRecognizer initialized with Indian language models
2026-01-26 02:50:05,057 - bharat_voice_assistant.core.logging - INFO - Logging initialized with level INFO and format simple
2026-01-26 02:50:05,751 - bharat_voice_assistant.core.aws_client - INFO - Initializing AWS clients...
2026-01-26 02:50:05,841 - bharat_voice_assistant.core.aws_client - INFO - Created AWS sts client
2026-01-26 02:50:05,843 - bharat_voice_assistant.core.aws_client - ERROR - AWS STS connectivity test failed: Unable to locate credentials
2026-01-26 02:50:05,921 - bharat_voice_assistant.core.aws_client - INFO - Created AWS s3 client
2026-01-26 02:50:05,923 - bharat_voice_assistant.core.aws_client - ERROR - AWS S3 connectivity test failed: Unable to locate credentials
2026-01-26 02:50:05,951 - bharat_voice_assistant.core.aws_client - INFO - Created AWS transcribe client
2026-01-26 02:50:05,952 - bharat_voice_assistant.core.aws_client - ERROR - AWS Transcribe connectivity test failed: Unable to locate credentials
2026-01-26 02:50:05,991 - bharat_voice_assistant.core.aws_client - INFO - Created AWS polly client
2026-01-26 02:50:05,992 - bharat_voice_assistant.core.aws_client - ERROR - AWS Polly connectivity test failed: Unable to locate credentials
2026-01-26 02:50:06,007 - bharat_voice_assistant.core.aws_client - INFO - Created AWS comprehend client
2026-01-26 02:50:06,008 - bharat_voice_assistant.core.aws_client - ERROR - AWS Comprehend connectivity test failed: Unable to locate credentials
2026-01-26 02:50:06,008 - bharat_voice_assistant.core.aws_client - ERROR - AWS configuration validation failed: ['Critical AWS services failed connectivity test: sts, s3, transcribe, polly']
2026-01-26 02:50:06,008 - bharat_voice_assistant.core.aws_client - WARNING - AWS configuration warning: AWS credentials not configured (using IAM role or environment)
2026-01-26 02:50:06,070 - bharat_voice_assistant.voice.speech_recognition - INFO - SpeechRecognizer initialized with Indian language models
2026-01-26 02:50:06,071 - bharat_voice_assistant.voice.speech_recognition - INFO - Using optimized real-time recognition for streaming mode
2026-01-26 02:50:06,074 - bharat_voice_assistant.voice.speech_recognition - INFO - SpeechRecognizer initialized with Indian language models
2026-01-26 02:50:06,077 - bharat_voice_assistant.voice.audio_processor - INFO - AudioProcessor initialized
2026-01-26 02:50:06,077 - bharat_voice_assistant.voice.connection_manager - INFO - ConnectionManager initialized
2026-01-26 02:50:06,077 - bharat_voice_assistant.voice.speech_recognition - INFO - SpeechRecognizer initialized with Indian language models
2026-01-26 02:50:06,077 - bharat_voice_assistant.voice.gateway - INFO - VoiceInterfaceGateway initialized on 0.0.0.0:8001
2026-01-26 02:51:56,598 - bharat_voice_assistant.core.logging - INFO - Logging initialized with level INFO and format simple
2026-01-26 02:51:57,413 - bharat_voice_assistant.core.aws_client - INFO - Initializing AWS clients...
2026-01-26 02:51:57,486 - bharat_voice_assistant.core.aws_client - INFO - Created AWS sts client
2026-01-26 02:51:57,488 - bharat_voice_assistant.core.aws_client - ERROR - AWS STS connectivity test failed: Unable to locate credentials
2026-01-26 02:51:57,537 - bharat_voice_assistant.core.aws_client - INFO - Created AWS s3 client
2026-01-26 02:51:57,538 - bharat_voice_assistant.core.aws_client - ERROR - AWS S3 connectivity test failed: Unable to locate credentials
2026-01-26 02:51:57,545 - bharat_voice_assistant.core.aws_client - INFO - Created AWS transcribe client
2026-01-26 02:51:57,547 - bharat_voice_assistant.core.aws_client - ERROR - AWS Transcribe connectivity test failed: Unable to locate credentials
2026-01-26 02:51:57,551 - bharat_voice_assistant.core.aws_client - INFO - Created AWS polly client
2026-01-26 02:51:57,552 - bharat_voice_assistant.core.aws_client - ERROR - AWS Polly connectivity test failed: Unable to locate credentials
2026-01-26 02:51:57,596 - bharat_voice_assistant.core.aws_client - INFO - Created AWS comprehend client
2026-01-26 02:51:57,596 - bharat_voice_assistant.core.aws_client - ERROR - AWS Comprehend connectivity test failed: Unable to locate credentials
2026-01-26 02:51:57,597 - bharat_voice_assistant.core.aws_client - ERROR - AWS configuration validation failed: ['Critical AWS services failed connectivity test: sts, s3, transcribe, polly']
2026-01-26 02:51:57,597 - bharat_voice_assistant.core.aws_client - WARNING - AWS configuration warning: AWS credentials not configured (using IAM role or environment)
2026-01-26 02:51:57,651 - bharat_voice_assistant.voice.speech_recognition - INFO - SpeechRecognizer initialized with Indian language models
2026-01-26 02:51:57,659 - bharat_voice_assistant.voice.speech_recognition - INFO - SpeechRecognizer initialized with Indian language models
2026-01-26 02:51:57,661 - bharat_voice_assistant.voice.speech_recognition - INFO - Low confidence recognition: 0.35 < 0.7
2026-01-26 02:51:57,661 - bharat_voice_assistant.voice.speech_recognition - INFO - High noise level detected: 0.65
2026-01-26 02:51:57,663 - bharat_voice_assistant.voice.speech_recognition - INFO - SpeechRecognizer initialized with Indian language models
2026-01-26 02:51:57,668 - bharat_voice_assistant.voice.speech_recognition - INFO - SpeechRecognizer initialized with Indian language models
2026-01-26 02:51:57,673 - bharat_voice_assistant.voice.speech_recognition - INFO - SpeechRecognizer initialized with Indian language models
2026-01-26 02:51:57,675 - bharat_voice_assistant.voice.speech_recognition - ERROR - Error checking transcription job status: Transcription job failed: Audio quality too poor
2026-01-26 02:51:57,675 - bharat_voice_assistant.voice.speech_recognition - ERROR - Real-time recognition failed: Transcription job failed: Audio quality too poor
2026-01-26 02:51:57,677 - bharat_voice_assistant.voice.speech_recognition - INFO - SpeechRecognizer initialized with Indian language models
2026-01-26 02:51:57,680 - bharat_voice_assistant.voice.speech_recognition - ERROR - Real-time recognition failed: Transcription job timed out
2026-01-26 02:51:57,682 - bharat_voice_assistant.voice.speech_recognition - INFO - SpeechRecognizer initialized with Indian language models
2026-01-26 02:51:57,684 - bharat_voice_assistant.voice.speech_recognition - INFO - SpeechRecognizer initialized with Indian language models
2026-01-26 02:51:57,686 - bharat_voice_assistant.voice.speech_recognition - INFO - SpeechRecognizer initialized with Indian language models
2026-01-26 02:51:57,687 - bharat_voice_assistant.voice.speech_recognition - INFO - Using optimized real-time recognition for streaming mode
2026-01-26 02:51:57,689 - bharat_voice_assistant.voice.speech_recognition - INFO - SpeechRecognizer initialized with Indian language models
2026-01-26 02:51:57,699 - bharat_voice_assistant.voice.speech_recognition - INFO - SpeechRecognizer initialized with Indian language models
2026-01-26 02:51:57,705 - bharat_voice_assistant.voice.speech_recognition - INFO - SpeechRecognizer initialized with Indian language models
2026-01-26 02:51:57,708 - bharat_voice_assistant.voice.speech_recognition - INFO - Low confidence recognition: 0.35 < 0.7
2026-01-26 02:51:57,708 - bharat_voice_assistant.voice.speech_recognition - INFO - High noise level detected: 0.65
2026-01-26 02:51:57,711 - bharat_voice_assistant.voice.audio_processor - INFO - AudioProcessor initialized
2026-01-26 02:51:57,712 - bharat_voice_assistant.voice.connection_manager - INFO - ConnectionManager initialized
2026-01-26 02:51:57,712 - bharat_voice_assistant.voice.speech_recognition - INFO - SpeechRecognizer initialized with Indian language models
2026-01-26 02:51:57,712 - bharat_voice_assistant.voice.gateway - INFO - VoiceInterfaceGateway initialized on 0.0.0.0:8001
2026-01-26 02:51:57,715 - bharat_voice_assistant.voice.audio_processor - INFO - AudioProcessor initialized
2026-01-26 02:51:57,716 - bharat_voice_assistant.voice.connection_manager - INFO - ConnectionManager initialized
2026-01-26 02:51:57,716 - bharat_voice_assistant.voice.speech_recognition - INFO - SpeechRecognizer initialized with Indian language models
2026-01-26 02:51:57,716 - bharat_voice_assistant.voice.gateway - INFO - VoiceInterfaceGateway initialized on 0.0.0.0:8001
2026-01-26 02:51:57,719 - bharat_voice_assistant.voice.speech_recognition - INFO - SpeechRecognizer initialized with Indian language models
2026-01-26 02:54:56,212 - bharat_voice_assistant.core.logging - INFO - Logging initialized with level INFO and format simple
2026-01-26 02:54:56,964 - bharat_voice_assistant.core.aws_client - INFO - Initializing AWS clients...
2026-01-26 02:54:57,036 - bharat_voice_assistant.core.aws_client - INFO - Created AWS sts client
2026-01-26 02:54:57,037 - bharat_voice_assistant.core.aws_client - ERROR - AWS STS connectivity test failed: Unable to locate credentials
2026-01-26 02:54:57,092 - bharat_voice_assistant.core.aws_client - INFO - Created AWS s3 client
2026-01-26 02:54:57,093 - bharat_voice_assistant.core.aws_client - ERROR - AWS S3 connectivity test failed: Unable to locate credentials
2026-01-26 02:54:57,128 - bharat_voice_assistant.core.aws_client - INFO - Created AWS transcribe client
2026-01-26 02:54:57,129 - bharat_voice_assistant.core.aws_client - ERROR - AWS Transcribe connectivity test failed: Unable to locate credentials
2026-01-26 02:54:57,168 - bharat_voice_assistant.core.aws_client - INFO - Created AWS polly client
2026-01-26 02:54:57,169 - bharat_voice_assistant.core.aws_client - ERROR - AWS Polly connectivity test failed: Unable to locate credentials
2026-01-26 02:54:57,220 - bharat_voice_assistant.core.aws_client - INFO - Created AWS comprehend client
2026-01-26 02:54:57,221 - bharat_voice_assistant.core.aws_client - ERROR - AWS Comprehend connectivity test failed: Unable to locate credentials
2026-01-26 02:54:57,221 - bharat_voice_assistant.core.aws_client - ERROR - AWS configuration validation failed: ['Critical AWS services failed connectivity test: sts, s3, transcribe, polly']
2026-01-26 02:54:57,221 - bharat_voice_assistant.core.aws_client - WARNING - AWS configuration warning: AWS credentials not configured (using IAM role or environment)
2026-01-26 02:54:57,294 - bharat_voice_assistant.voice.speech_recognition - INFO - SpeechRecognizer initialized with Indian language models
2026-01-26 02:54:57,296 - bharat_voice_assistant.voice.speech_recognition - INFO - Optimized recognition config for poor network conditions
2026-01-26 02:54:57,296 - bharat_voice_assistant.voice.speech_recognition - INFO - Optimized recognition config for very_poor network conditions
2026-01-26 02:59:57,046 - bharat_voice_assistant.core.logging - INFO - Logging initialized with level INFO and format simple
2026-01-26 02:59:57,837 - bharat_voice_assistant.core.aws_client - INFO - Initializing AWS clients...
2026-01-26 02:59:57,929 - bharat_voice_assistant.core.aws_client - INFO - Created AWS sts client
2026-01-26 02:59:57,931 - bharat_voice_assistant.core.aws_client - ERROR - AWS STS connectivity test failed: Unable to locate credentials
2026-01-26 02:59:57,968 - bharat_voice_assistant.core.aws_client - INFO - Created AWS s3 client
2026-01-26 02:59:57,969 - bharat_voice_assistant.core.aws_client - ERROR - AWS S3 connectivity test failed: Unable to locate credentials
2026-01-26 02:59:57,990 - bharat_voice_assistant.core.aws_client - INFO - Created AWS transcribe client
2026-01-26 02:59:57,991 - bharat_voice_assistant.core.aws_client - ERROR - AWS Transcribe connectivity test failed: Unable to locate credentials
2026-01-26 02:59:57,996 - bharat_voice_assistant.core.aws_client - INFO - Created AWS polly client
2026-01-26 02:59:57,996 - bharat_voice_assistant.core.aws_client - ERROR - AWS Polly connectivity test failed: Unable to locate credentials
2026-01-26 02:59:58,004 - bharat_voice_assistant.core.aws_client - INFO - Created AWS comprehend client
2026-01-26 02:59:58,004 - bharat_voice_assistant.core.aws_client - ERROR - AWS Comprehend connectivity test failed: Unable to locate credentials
2026-01-26 02:59:58,004 - bharat_voice_assistant.core.aws_client - ERROR - AWS configuration validation failed: ['Critical AWS services failed connectivity test: sts, s3, transcribe, polly']
2026-01-26 02:59:58,005 - bharat_voice_assistant.core.aws_client - WARNING - AWS configuration warning: AWS credentials not configured (using IAM role or environment)
2026-01-26 02:59:58,057 - bharat_voice_assistant.voice.speech_recognition - INFO - SpeechRecognizer initialized with Indian language models
2026-01-26 02:59:58,065 - bharat_voice_assistant.voice.speech_recognition - INFO - SpeechRecognizer initialized with Indian language models
2026-01-26 02:59:58,068 - bharat_voice_assistant.voice.speech_recognition - INFO - Low confidence recognition: 0.35 < 0.7
2026-01-26 02:59:58,068 - bharat_voice_assistant.voice.speech_recognition - INFO - High noise level detected: 0.65
2026-01-26 02:59:58,070 - bharat_voice_assistant.voice.speech_recognition - INFO - SpeechRecognizer initialized with Indian language models
2026-01-26 02:59:58,075 - bharat_voice_assistant.voice.speech_recognition - INFO - SpeechRecognizer initialized with Indian language models
2026-01-26 02:59:58,080 - bharat_voice_assistant.voice.speech_recognition - INFO - SpeechRecognizer initialized with Indian language models
2026-01-26 02:59:58,082 - bharat_voice_assistant.voice.speech_recognition - ERROR - Error checking transcription job status: Transcription job failed: Audio quality too poor
2026-01-26 02:59:58,082 - bharat_voice_assistant.voice.speech_recognition - ERROR - Real-time recognition failed: Transcription job failed: Audio quality too poor
2026-01-26 02:59:58,085 - bharat_voice_assistant.voice.speech_recognition - INFO - SpeechRecognizer initialized with Indian language models
2026-01-26 02:59:58,087 - bharat_voice_assistant.voice.speech_recognition - ERROR - Real-time recognition failed: Transcription job timed out
2026-01-26 02:59:58,090 - bharat_voice_assistant.voice.speech_recognition - INFO - SpeechRecognizer initialized with Indian language models
2026-01-26 02:59:58,092 - bharat_voice_assistant.voice.speech_recognition - INFO - SpeechRecognizer initialized with Indian language models
2026-01-26 02:59:58,093 - bharat_voice_assistant.voice.speech_recognition - INFO - SpeechRecognizer initialized with Indian language models
2026-01-26 02:59:58,095 - bharat_voice_assistant.voice.speech_recognition - INFO - Optimized recognition config for poor network conditions
2026-01-26 02:59:58,095 - bharat_voice_assistant.voice.speech_recognition - INFO - Optimized recognition config for very_poor network conditions
2026-01-26 02:59:58,098 - bharat_voice_assistant.voice.speech_recognition - INFO - SpeechRecognizer initialized with Indian language models
2026-01-26 02:59:58,099 - bharat_voice_assistant.voice.speech_recognition - INFO - Using optimized real-time recognition for streaming mode
2026-01-26 02:59:58,100 - bharat_voice_assistant.voice.speech_recognition - INFO - SpeechRecognizer initialized with Indian language models
2026-01-26 02:59:58,111 - bharat_voice_assistant.voice.speech_recognition - INFO - SpeechRecognizer initialized with Indian language models
2026-01-26 02:59:58,116 - bharat_voice_assistant.voice.speech_recognition - INFO - SpeechRecognizer initialized with Indian language models
2026-01-26 02:59:58,118 - bharat_voice_assistant.voice.speech_recognition - INFO - Low confidence recognition: 0.35 < 0.7
2026-01-26 02:59:58,118 - bharat_voice_assistant.voice.speech_recognition - INFO - High noise level detected: 0.65
2026-01-26 02:59:58,120 - bharat_voice_assistant.voice.audio_processor - INFO - AudioProcessor initialized
2026-01-26 02:59:58,121 - bharat_voice_assistant.voice.connection_manager - INFO - ConnectionManager initialized
2026-01-26 02:59:58,121 - bharat_voice_assistant.voice.speech_recognition - INFO - SpeechRecognizer initialized with Indian language models
2026-01-26 02:59:58,121 - bharat_voice_assistant.voice.gateway - INFO - VoiceInterfaceGateway initialized on 0.0.0.0:8001
2026-01-26 02:59:58,123 - bharat_voice_assistant.voice.audio_processor - INFO - AudioProcessor initialized
2026-01-26 02:59:58,123 - bharat_voice_assistant.voice.connection_manager - INFO - ConnectionManager initialized
2026-01-26 02:59:58,124 - bharat_voice_assistant.voice.speech_recognition - INFO - SpeechRecognizer initialized with Indian language models
2026-01-26 02:59:58,124 - bharat_voice_assistant.voice.gateway - INFO - VoiceInterfaceGateway initialized on 0.0.0.0:8001
2026-01-26 02:59:58,126 - bharat_voice_assistant.voice.speech_recognition - INFO - SpeechRecognizer initialized with Indian language models
2026-01-26 03:07:40,471 - bharat_voice_assistant.core.logging - INFO - Logging initialized with level INFO and format simple
2026-01-26 03:07:41,274 - bharat_voice_assistant.core.aws_client - INFO - Initializing AWS clients...
2026-01-26 03:07:41,361 - bharat_voice_assistant.core.aws_client - INFO - Created AWS sts client
2026-01-26 03:07:41,363 - bharat_voice_assistant.core.aws_client - ERROR - AWS STS connectivity test failed: Unable to locate credentials
2026-01-26 03:07:41,384 - bharat_voice_assistant.core.aws_client - INFO - Created AWS s3 client
2026-01-26 03:07:41,385 - bharat_voice_assistant.core.aws_client - ERROR - AWS S3 connectivity test failed: Unable to locate credentials
2026-01-26 03:07:41,405 - bharat_voice_assistant.core.aws_client - INFO - Created AWS transcribe client
2026-01-26 03:07:41,405 - bharat_voice_assistant.core.aws_client - ERROR - AWS Transcribe connectivity test failed: Unable to locate credentials
2026-01-26 03:07:41,411 - bharat_voice_assistant.core.aws_client - INFO - Created AWS polly client
2026-01-26 03:07:41,411 - bharat_voice_assistant.core.aws_client - ERROR - AWS Polly connectivity test failed: Unable to locate credentials
2026-01-26 03:07:41,451 - bharat_voice_assistant.core.aws_client - INFO - Created AWS comprehend client
2026-01-26 03:07:41,451 - bharat_voice_assistant.core.aws_client - ERROR - AWS Comprehend connectivity test failed: Unable to locate credentials
2026-01-26 03:07:41,452 - bharat_voice_assistant.core.aws_client - ERROR - AWS configuration validation failed: ['Critical AWS services failed connectivity test: sts, s3, transcribe, polly']
2026-01-26 03:07:41,452 - bharat_voice_assistant.core.aws_client - WARNING - AWS configuration warning: AWS credentials not configured (using IAM role or environment)
2026-01-26 03:07:41,527 - bharat_voice_assistant.voice.text_to_speech - INFO - TextToSpeechSynthesizer initialized with Indian voices
2026-01-26 03:07:41,530 - bharat_voice_assistant.voice.text_to_speech - INFO - TextToSpeechSynthesizer initialized with Indian voices
2026-01-26 03:07:41,531 - bharat_voice_assistant.voice.text_to_speech - INFO - TextToSpeechSynthesizer initialized with Indian voices
2026-01-26 03:07:41,533 - bharat_voice_assistant.voice.text_to_speech - INFO - TextToSpeechSynthesizer initialized with Indian voices
2026-01-26 03:07:41,534 - bharat_voice_assistant.voice.text_to_speech - INFO - TextToSpeechSynthesizer initialized with Indian voices
2026-01-26 03:07:41,675 - bharat_voice_assistant.voice.text_to_speech - INFO - TextToSpeechSynthesizer initialized with Indian voices
2026-01-26 03:07:41,676 - bharat_voice_assistant.voice.text_to_speech - INFO - Adjusted synthesis quality for poor connection
2026-01-26 03:07:41,678 - bharat_voice_assistant.voice.text_to_speech - INFO - TextToSpeechSynthesizer initialized with Indian voices
2026-01-26 03:07:41,681 - bharat_voice_assistant.voice.text_to_speech - INFO - TextToSpeechSynthesizer initialized with Indian voices
2026-01-26 03:07:41,683 - bharat_voice_assistant.voice.text_to_speech - INFO - TextToSpeechSynthesizer initialized with Indian voices
2026-01-26 03:07:41,685 - bharat_voice_assistant.voice.text_to_speech - INFO - TextToSpeechSynthesizer initialized with Indian voices
2026-01-26 03:07:41,690 - bharat_voice_assistant.voice.text_to_speech - INFO - TextToSpeechSynthesizer initialized with Indian voices
2026-01-26 03:07:41,692 - bharat_voice_assistant.voice.text_to_speech - ERROR - Polly synthesis failed: No audio stream returned from Polly
2026-01-26 03:07:41,696 - bharat_voice_assistant.voice.text_to_speech - INFO - TextToSpeechSynthesizer initialized with Indian voices
2026-01-26 03:07:41,762 - bharat_voice_assistant.voice.text_to_speech - INFO - TextToSpeechSynthesizer initialized with Indian voices
2026-01-26 03:07:41,765 - bharat_voice_assistant.voice.text_to_speech - INFO - TextToSpeechSynthesizer initialized with Indian voices
2026-01-26 03:07:41,818 - bharat_voice_assistant.voice.text_to_speech - INFO - TextToSpeechSynthesizer initialized with Indian voices
2026-01-26 03:07:41,826 - bharat_voice_assistant.voice.text_to_speech - INFO - TextToSpeechSynthesizer initialized with Indian voices
2026-01-26 03:07:41,829 - bharat_voice_assistant.voice.text_to_speech - INFO - TextToSpeechSynthesizer initialized with Indian voices
2026-01-26 03:07:41,832 - bharat_voice_assistant.voice.text_to_speech - INFO - TextToSpeechSynthesizer initialized with Indian voices
2026-01-26 03:07:41,833 - bharat_voice_assistant.voice.text_to_speech - INFO - Adjusted synthesis quality for poor connection
2026-01-26 03:07:41,835 - bharat_voice_assistant.voice.text_to_speech - INFO - TextToSpeechSynthesizer initialized with Indian voices
2026-01-26 03:07:41,837 - bharat_voice_assistant.voice.text_to_speech - INFO - Voice synthesis test for Aditi (hi-IN): SUCCESS
2026-01-26 03:07:41,837 - bharat_voice_assistant.voice.text_to_speech - ERROR - Voice synthesis test failed for Aditi: Test error
2026-01-26 03:08:32,558 - bharat_voice_assistant.core.logging - INFO - Logging initialized with level INFO and format simple
2026-01-26 03:08:33,359 - bharat_voice_assistant.core.aws_client - INFO - Initializing AWS clients...
2026-01-26 03:08:33,450 - bharat_voice_assistant.core.aws_client - INFO - Created AWS sts client
2026-01-26 03:08:33,452 - bharat_voice_assistant.core.aws_client - ERROR - AWS STS connectivity test failed: Unable to locate credentials
2026-01-26 03:08:33,508 - bharat_voice_assistant.core.aws_client - INFO - Created AWS s3 client
2026-01-26 03:08:33,509 - bharat_voice_assistant.core.aws_client - ERROR - AWS S3 connectivity test failed: Unable to locate credentials
2026-01-26 03:08:33,517 - bharat_voice_assistant.core.aws_client - INFO - Created AWS transcribe client
2026-01-26 03:08:33,517 - bharat_voice_assistant.core.aws_client - ERROR - AWS Transcribe connectivity test failed: Unable to locate credentials
2026-01-26 03:08:33,538 - bharat_voice_assistant.core.aws_client - INFO - Created AWS polly client
2026-01-26 03:08:33,539 - bharat_voice_assistant.core.aws_client - ERROR - AWS Polly connectivity test failed: Unable to locate credentials
2026-01-26 03:08:33,549 - bharat_voice_assistant.core.aws_client - INFO - Created AWS comprehend client
2026-01-26 03:08:33,550 - bharat_voice_assistant.core.aws_client - ERROR - AWS Comprehend connectivity test failed: Unable to locate credentials
2026-01-26 03:08:33,550 - bharat_voice_assistant.core.aws_client - ERROR - AWS configuration validation failed: ['Critical AWS services failed connectivity test: sts, s3, transcribe, polly']
2026-01-26 03:08:33,550 - bharat_voice_assistant.core.aws_client - WARNING - AWS configuration warning: AWS credentials not configured (using IAM role or environment)
2026-01-26 03:08:33,619 - bharat_voice_assistant.voice.text_to_speech - INFO - TextToSpeechSynthesizer initialized with Indian voices
2026-01-26 03:08:33,620 - bharat_voice_assistant.voice.text_to_speech - INFO - TextToSpeechSynthesizer initialized with Indian voices
2026-01-26 03:08:33,623 - bharat_voice_assistant.voice.text_to_speech - INFO - TextToSpeechSynthesizer initialized with Indian voices
2026-01-26 03:08:33,624 - bharat_voice_assistant.voice.text_to_speech - INFO - TextToSpeechSynthesizer initialized with Indian voices
2026-01-26 03:08:33,627 - bharat_voice_assistant.voice.text_to_speech - INFO - TextToSpeechSynthesizer initialized with Indian voices
2026-01-26 03:08:33,628 - bharat_voice_assistant.voice.text_to_speech - INFO - TextToSpeechSynthesizer initialized with Indian voices
2026-01-26 03:08:33,630 - bharat_voice_assistant.voice.text_to_speech - INFO - Adjusted synthesis quality for poor connection
2026-01-26 03:08:33,631 - bharat_voice_assistant.voice.text_to_speech - INFO - TextToSpeechSynthesizer initialized with Indian voices
2026-01-26 03:08:33,633 - bharat_voice_assistant.voice.text_to_speech - INFO - TextToSpeechSynthesizer initialized with Indian voices
2026-01-26 03:08:33,635 - bharat_voice_assistant.voice.text_to_speech - INFO - TextToSpeechSynthesizer initialized with Indian voices
2026-01-26 03:08:33,636 - bharat_voice_assistant.voice.text_to_speech - INFO - TextToSpeechSynthesizer initialized with Indian voices
2026-01-26 03:08:33,641 - bharat_voice_assistant.voice.text_to_speech - INFO - TextToSpeechSynthesizer initialized with Indian voices
2026-01-26 03:08:33,643 - bharat_voice_assistant.voice.text_to_speech - ERROR - Polly synthesis failed: No audio stream returned from Polly
2026-01-26 03:08:33,646 - bharat_voice_assistant.voice.text_to_speech - INFO - TextToSpeechSynthesizer initialized with Indian voices
2026-01-26 03:08:33,654 - bharat_voice_assistant.voice.text_to_speech - WARNING - Audio compression failed, returning original: [WinError 2] The system cannot find the file specified
2026-01-26 03:08:33,657 - bharat_voice_assistant.voice.text_to_speech - INFO - TextToSpeechSynthesizer initialized with Indian voices
2026-01-26 03:08:33,661 - bharat_voice_assistant.voice.text_to_speech - INFO - TextToSpeechSynthesizer initialized with Indian voices
2026-01-26 03:08:33,668 - bharat_voice_assistant.voice.text_to_speech - WARNING - Failed to calculate audio duration: [WinError 2] The system cannot find the file specified
2026-01-26 03:08:33,670 - bharat_voice_assistant.voice.text_to_speech - INFO - TextToSpeechSynthesizer initialized with Indian voices
2026-01-26 03:08:33,673 - bharat_voice_assistant.voice.text_to_speech - INFO - TextToSpeechSynthesizer initialized with Indian voices
2026-01-26 03:08:33,675 - bharat_voice_assistant.voice.text_to_speech - INFO - TextToSpeechSynthesizer initialized with Indian voices
2026-01-26 03:08:33,677 - bharat_voice_assistant.voice.text_to_speech - INFO - TextToSpeechSynthesizer initialized with Indian voices
2026-01-26 03:08:33,679 - bharat_voice_assistant.voice.text_to_speech - INFO - Adjusted synthesis quality for poor connection
2026-01-26 03:08:33,680 - bharat_voice_assistant.voice.text_to_speech - INFO - TextToSpeechSynthesizer initialized with Indian voices
2026-01-26 03:08:33,681 - bharat_voice_assistant.voice.text_to_speech - INFO - Voice synthesis test for Aditi (hi-IN): SUCCESS
2026-01-26 03:08:33,681 - bharat_voice_assistant.voice.text_to_speech - ERROR - Voice synthesis test failed for Aditi: Test error
